Customer_ID,Age,Gender,Marital_Status,Employment_Status,Annual_Income,Loan_Amount,Loan_Term_Months,Credit_Score,Existing_Loans,Missed_Payments,Debt_to_Income_Ratio,Loan_Purpose,Residential_Status,Default_Risk
CUST1000,59,Male,Married,Salaried,1391855.0,583903,24,777.0,2,1,0.8,Car,Owned,High
CUST1001,49,Male,Married,Salaried,888332.0,556554,72,778.0,5,0,0.11,Personal,Mortgaged,Medium
CUST1002,35,Male,Married,Unemployed,1652591.0,966931,48,890.0,4,1,0.86,Personal,Mortgaged,Low
CUST1003,63,Female,Single,Self-Employed,926448.0,650724,60,599.0,1,0,0.49,Personal,Mortgaged,Medium
CUST1004,28,Female,Single,Self-Employed,270463.0,1481282,72,381.0,3,9,0.37,Education,Owned,Medium
CUST1005,41,Male,Married,Self-Employed,,907549,48,386.0,0,9,0.84,Personal,Rented,Low
CUST1006,59,Male,Married,Salaried,1456348.0,609070,12,524.0,2,8,,Car,Owned,Low
CUST1007,39,Male,Single,Salaried,1333183.0,1177109,12,315.0,5,9,0.57,Education,Owned,Low
CUST1008,43,Female,Married,Salaried,1047942.0,290011,24,657.0,5,7,0.54,Personal,Rented,Medium
CUST1009,31,Female,Single,Salaried,320076.0,1287903,36,462.0,4,6,0.28,Education,Rented,Medium
CUST1010,31,Female,Married,,1307268.0,122684,24,813.0,4,2,0.44,Car,Rented,Low
CUST1011,44,Female,Single,Self-Employed,855129.0,1315197,36,649.0,0,7,0.62,Personal,Rented,Low
CUST1012,56,Male,Married,Self-Employed,917104.0,1333871,48,763.0,3,1,0.68,Home,Owned,Low
CUST1013,60,Male,Single,Self-Employed,1002242.0,825723,12,674.0,1,1,0.1,Car,Mortgaged,Medium
CUST1014,44,Male,Married,Salaried,1122630.0,997509,72,391.0,3,10,0.85,Business,Owned,Low
CUST1015,23,Male,Single,Self-Employed,2458233.0,1004138,36,480.0,3,9,0.23,Business,Rented,Low
CUST1016,42,Female,Single,Self-Employed,1360294.0,787651,48,600.0,3,2,0.29,Car,Mortgaged,Low
CUST1017,22,Female,Single,Salaried,1601652.0,761423,12,488.0,0,6,0.31,Business,Mortgaged,Medium
CUST1018,44,Male,Married,Self-Employed,724480.0,203466,72,613.0,0,0,0.13,Car,Owned,Low
CUST1019,64,Male,Married,Salaried,236413.0,284318,36,792.0,1,7,0.2,Home,Owned,Low
CUST1020,50,Female,Single,Salaried,1895994.0,422778,24,427.0,3,6,0.89,Car,Owned,High
CUST1021,58,Male,Married,Salaried,764430.0,181936,24,818.0,0,3,,Personal,Mortgaged,Low
CUST1022,22,Female,Married,Salaried,2333620.0,1007726,24,,1,4,0.19,Personal,Mortgaged,Low
CUST1023,41,Male,Married,Salaried,1148202.0,697952,48,858.0,5,9,,Education,Mortgaged,High
CUST1024,53,Male,Single,Self-Employed,866015.0,726315,24,864.0,1,0,0.68,Business,Rented,Low
CUST1025,32,Male,Married,Unemployed,1671867.0,422818,60,486.0,3,3,0.78,Business,Rented,Medium
CUST1026,42,Male,Single,Self-Employed,,1202109,12,849.0,2,0,,Car,Owned,Low
CUST1027,64,Male,Single,Self-Employed,,918277,48,752.0,3,0,0.12,Business,Mortgaged,Medium
CUST1028,45,Male,Divorced,Salaried,2348983.0,1346573,72,770.0,2,9,0.28,Personal,Owned,Low
CUST1029,47,Male,Single,Self-Employed,973952.0,1168166,24,864.0,1,0,0.15,Home,Mortgaged,Medium
CUST1030,62,Female,Married,Salaried,1108380.0,1488495,12,523.0,5,6,0.18,Car,Owned,Low
CUST1031,48,Female,Married,Salaried,626488.0,378615,36,453.0,5,6,0.45,Business,Rented,Low
CUST1032,36,Female,Married,Salaried,832405.0,531530,24,859.0,0,3,0.28,Personal,Mortgaged,Medium
CUST1033,35,Female,Married,Salaried,1537768.0,1404018,12,650.0,5,1,0.51,Education,Rented,High
CUST1034,64,Female,Single,Salaried,2060971.0,1343512,60,446.0,4,2,,,Mortgaged,Low
CUST1035,23,Male,Single,Salaried,1714101.0,459925,36,875.0,1,7,0.85,,Owned,Medium
CUST1036,57,Male,Married,Salaried,1606150.0,1108302,60,648.0,0,7,0.82,Home,Mortgaged,Low
CUST1037,27,Female,Single,Unemployed,725005.0,241896,72,481.0,5,10,0.55,Business,Rented,Medium
CUST1038,41,Male,Single,Salaried,1429458.0,1139118,12,478.0,1,10,0.38,Business,Mortgaged,Low
CUST1039,29,Female,Single,Salaried,2269441.0,463461,60,338.0,3,5,0.4,Personal,Owned,Medium
CUST1040,59,Female,Single,Salaried,,1133329,72,302.0,5,9,0.43,Business,Mortgaged,Low
CUST1041,38,Male,Single,Self-Employed,2302146.0,916220,12,363.0,2,8,0.68,,Rented,Low
CUST1042,24,Male,Single,Salaried,2366452.0,333460,12,328.0,1,10,0.46,Personal,Owned,Low
CUST1043,45,Male,Married,Salaried,761693.0,283979,60,671.0,0,8,0.79,Car,Rented,Low
CUST1044,34,Female,Married,Salaried,1545592.0,658986,12,822.0,3,3,0.86,Education,Mortgaged,High
CUST1045,29,Male,Married,Salaried,1947378.0,328104,24,,4,0,0.37,Personal,Rented,High
CUST1046,46,Female,Single,Salaried,1693551.0,1129367,12,741.0,3,0,0.55,Personal,Mortgaged,Medium
CUST1047,22,Female,Single,Salaried,1906517.0,1075270,48,502.0,5,9,0.18,Home,Owned,Low
CUST1048,40,Female,Single,Salaried,555054.0,337360,72,710.0,2,4,0.26,Personal,Rented,Low
CUST1049,48,Male,Married,Salaried,1455715.0,1425147,12,320.0,3,1,0.43,Education,Rented,Medium
CUST1050,27,Male,Married,Salaried,1366670.0,647578,48,850.0,4,5,0.26,Business,Mortgaged,High
CUST1051,64,Female,Single,Self-Employed,880667.0,621302,12,401.0,0,6,0.8,Education,Rented,Low
CUST1052,28,Male,Divorced,Salaried,1325424.0,185150,12,345.0,1,0,0.23,Car,Rented,Medium
CUST1053,55,Male,Single,Salaried,,1045893,60,365.0,2,5,,,Owned,High
CUST1054,34,Male,Married,Salaried,2214017.0,1149095,24,463.0,4,7,,Personal,Mortgaged,High
CUST1055,37,Female,Married,Unemployed,644972.0,623340,72,410.0,5,4,0.65,Personal,Mortgaged,Low
CUST1056,56,Female,Married,Salaried,,1112965,24,637.0,5,6,0.41,Personal,Owned,Low
CUST1057,60,Male,Married,Salaried,681215.0,408105,36,,5,9,0.8,Home,Owned,Low
CUST1058,24,Female,Married,Self-Employed,900636.0,930147,60,746.0,2,5,0.55,Home,Mortgaged,Low
CUST1059,22,Male,Single,Salaried,,887165,60,590.0,3,3,0.45,Business,Owned,Low
CUST1060,26,Male,Married,Salaried,620162.0,922318,24,711.0,2,6,0.15,Personal,Owned,Low
CUST1061,62,Male,Single,Salaried,1852562.0,1256329,60,580.0,5,9,0.47,Car,Owned,Medium
CUST1062,24,Male,Married,Self-Employed,2188415.0,393150,24,342.0,4,8,0.76,Business,Mortgaged,Low
CUST1063,49,Female,Married,Salaried,,1193489,60,,1,9,0.59,Personal,Owned,Low
CUST1064,38,Female,Married,Self-Employed,1721722.0,668396,12,895.0,1,9,0.77,Home,Rented,Medium
CUST1065,46,Female,Married,Unemployed,2062205.0,829091,24,350.0,2,6,0.5,Car,Rented,Medium
CUST1066,64,Male,Married,Salaried,2162627.0,319637,24,509.0,5,4,0.19,Business,Mortgaged,Medium
CUST1067,54,Male,Married,Salaried,1794874.0,119639,48,425.0,0,6,0.11,Car,Owned,Low
CUST1068,30,Male,Married,Salaried,1665915.0,1330028,60,791.0,2,2,0.34,Personal,Rented,Medium
CUST1069,56,Female,Single,Salaried,550067.0,1415103,60,,5,1,0.66,Education,Mortgaged,Medium
CUST1070,34,Male,Single,Salaried,1906826.0,359378,24,880.0,3,10,0.73,Car,Rented,Low
CUST1071,51,Female,Single,Unemployed,2259385.0,1014795,12,557.0,1,4,,Car,Owned,Medium
CUST1072,35,Female,Single,Self-Employed,1641246.0,536084,12,487.0,1,3,0.5,Home,Mortgaged,Low
CUST1073,28,Female,Married,Self-Employed,1575645.0,319515,72,529.0,1,4,0.44,Personal,Rented,Low
CUST1074,34,Female,Single,Salaried,1544385.0,282520,12,488.0,0,7,0.43,Car,Mortgaged,Low
CUST1075,43,Female,Divorced,Self-Employed,2470463.0,1342035,60,714.0,5,3,0.29,Personal,Rented,Low
CUST1076,60,Female,Single,Unemployed,1034440.0,721986,48,309.0,5,8,0.21,Home,Rented,Low
CUST1077,41,Male,Single,Self-Employed,2049691.0,287330,24,413.0,5,6,0.26,Personal,Owned,Medium
CUST1078,36,Male,Married,Salaried,856030.0,1204149,36,375.0,5,9,0.14,,Owned,Low
CUST1079,38,Female,Married,Self-Employed,1697404.0,974634,48,801.0,0,6,0.26,Home,Rented,High
CUST1080,44,Female,Married,Salaried,899895.0,187900,36,384.0,4,7,0.11,Business,Mortgaged,Medium
CUST1081,46,Male,Married,Salaried,445144.0,369658,48,348.0,2,5,0.6,Personal,Mortgaged,Low
CUST1082,45,Female,Married,Salaried,,550364,12,794.0,2,7,0.35,Education,Owned,Low
CUST1083,61,Female,Single,Self-Employed,976505.0,1334283,60,686.0,5,2,0.88,,Rented,Medium
CUST1084,49,Male,Divorced,Self-Employed,1349734.0,748419,36,688.0,3,9,0.25,Home,Owned,Medium
CUST1085,35,Female,Divorced,Salaried,2046585.0,573116,48,517.0,1,9,0.38,,Rented,Low
CUST1086,21,Female,Married,Salaried,1312548.0,563066,60,645.0,0,0,0.39,,Rented,Low
CUST1087,45,Female,Single,Salaried,1106450.0,314179,36,529.0,3,5,0.11,Car,Owned,Medium
CUST1088,27,Male,Married,Salaried,1731583.0,1208343,24,554.0,3,0,0.77,Business,Mortgaged,Low
CUST1089,29,Male,Single,Salaried,1682795.0,483961,48,,5,8,0.13,Education,Owned,High
CUST1090,44,Male,Single,Salaried,482140.0,591529,24,325.0,0,1,0.85,Personal,Rented,Medium
CUST1091,21,Female,Single,Self-Employed,1808795.0,627263,12,883.0,2,10,0.81,Education,Owned,Low
CUST1092,64,Female,Married,Salaried,1415358.0,204226,24,560.0,1,1,0.53,Business,Mortgaged,Low
CUST1093,28,Male,Married,Salaried,758981.0,1012454,24,570.0,2,6,,Personal,Mortgaged,Low
CUST1094,44,Female,Married,,2243321.0,541818,72,422.0,3,1,0.62,,Rented,Medium
CUST1095,31,Female,Married,Unemployed,308944.0,106396,48,556.0,1,9,0.41,Car,Owned,Low
CUST1096,37,Female,Married,Self-Employed,1997519.0,168920,12,720.0,4,7,0.62,Education,Mortgaged,Low
CUST1097,28,Female,Single,Self-Employed,2242754.0,456547,24,558.0,3,5,0.14,Personal,Owned,Medium
CUST1098,55,Female,Single,Salaried,2158691.0,244999,60,346.0,2,6,,Business,Mortgaged,Low
CUST1099,55,Male,Divorced,Salaried,397097.0,113014,36,824.0,2,6,0.47,Car,Rented,Low
CUST1100,53,Female,Single,,2153341.0,644699,24,,5,5,0.54,Personal,Rented,Medium
CUST1101,25,Male,Married,Self-Employed,1173737.0,235550,12,610.0,2,9,,Education,Owned,Low
CUST1102,62,Female,Married,Unemployed,1333387.0,1285382,24,448.0,0,10,0.18,Car,Rented,High
CUST1103,59,Male,Married,Self-Employed,1438697.0,1083994,36,737.0,3,8,0.76,Education,Mortgaged,Medium
CUST1104,61,Female,Married,Self-Employed,2067829.0,388585,12,454.0,1,8,0.27,Education,Rented,Low
CUST1105,48,Male,Married,Self-Employed,2217807.0,1144697,48,389.0,2,6,0.42,Education,Mortgaged,Low
CUST1106,27,Female,Married,Salaried,654151.0,1094890,12,657.0,5,8,0.35,Car,Mortgaged,Low
CUST1107,29,Male,Divorced,Unemployed,1704314.0,372341,48,473.0,5,9,0.42,Personal,Rented,Medium
CUST1108,28,Female,Married,Salaried,1444199.0,1183153,12,516.0,2,2,0.22,Home,Mortgaged,Low
CUST1109,32,Male,Single,Salaried,895532.0,406778,36,755.0,0,2,0.5,Personal,Mortgaged,High
CUST1110,54,Female,Married,Salaried,495866.0,1347682,36,498.0,5,0,0.74,Car,Owned,Medium
CUST1111,53,Male,Divorced,Salaried,997057.0,1085141,12,785.0,1,4,0.45,Home,Owned,Low
CUST1112,43,Male,Single,Salaried,398237.0,710197,24,832.0,3,3,0.49,Home,Owned,Medium
CUST1113,44,Female,Married,Salaried,2242589.0,555200,36,499.0,4,1,0.78,Home,Rented,Low
CUST1114,57,Female,Married,Salaried,1160811.0,526379,48,670.0,0,8,0.66,Business,Owned,Medium
CUST1115,55,Male,Married,Salaried,2005518.0,575754,48,747.0,5,2,0.49,Car,Mortgaged,Medium
CUST1116,64,Female,Single,Salaried,1532559.0,1086149,60,547.0,3,7,0.31,Business,Rented,Low
CUST1117,60,Male,Married,Salaried,2346674.0,396030,72,563.0,4,5,0.81,Home,Rented,Low
CUST1118,42,Male,Divorced,Salaried,1621969.0,378055,72,357.0,2,4,0.56,Business,Rented,High
CUST1119,47,Male,Single,Salaried,2304637.0,138422,72,601.0,2,0,0.28,Business,Rented,Medium
CUST1120,55,Female,Single,,1673247.0,1065691,48,330.0,1,3,0.32,Car,Mortgaged,High
CUST1121,21,Male,Divorced,,2015920.0,385513,60,797.0,4,2,0.74,Education,Mortgaged,Low
CUST1122,55,Male,Single,Self-Employed,,1391293,72,548.0,2,0,0.14,Business,Owned,Low
CUST1123,57,Female,Married,Self-Employed,2409853.0,1008378,72,570.0,2,4,0.89,Business,Rented,Low
CUST1124,34,Female,Married,Salaried,407352.0,782722,12,693.0,5,5,0.2,Home,Owned,Medium
CUST1125,23,Female,Single,Self-Employed,1875502.0,936388,12,801.0,1,1,0.74,Home,Mortgaged,Low
CUST1126,21,Female,Married,Salaried,384514.0,1250847,12,891.0,3,2,0.42,Home,Rented,Low
CUST1127,25,Male,Married,Salaried,998658.0,1084104,24,383.0,2,10,0.49,Personal,Mortgaged,Medium
CUST1128,46,Male,Married,Self-Employed,2057596.0,403548,72,664.0,0,5,0.8,Business,Owned,Low
CUST1129,34,Male,Single,Salaried,1458624.0,894156,24,848.0,0,3,0.43,Home,Mortgaged,Low
CUST1130,59,Male,Married,Self-Employed,1935645.0,1266053,60,641.0,3,8,,Car,Rented,Low
CUST1131,47,Female,Single,,2334171.0,1327880,48,706.0,4,4,0.14,Personal,Rented,Medium
CUST1132,29,Male,Single,Self-Employed,1162452.0,1076163,72,724.0,1,3,0.1,Education,Owned,Low
CUST1133,35,Male,Divorced,Unemployed,1510073.0,865363,48,392.0,5,1,0.3,Business,Rented,Low
CUST1134,35,Female,Single,Salaried,789421.0,1440598,12,711.0,0,5,0.64,Business,Mortgaged,Low
CUST1135,46,Male,Married,Salaried,1970394.0,402621,72,731.0,0,9,0.2,Car,Mortgaged,Medium
CUST1136,62,Male,Single,Salaried,2455750.0,522697,36,458.0,3,1,0.19,Education,Mortgaged,Medium
CUST1137,33,Male,Married,Salaried,2018036.0,781658,24,313.0,4,6,0.43,Education,Mortgaged,Low
CUST1138,52,Male,Single,Self-Employed,2289934.0,735493,24,672.0,4,2,0.62,Personal,Owned,Low
CUST1139,59,Male,Divorced,Self-Employed,1741326.0,817976,72,524.0,3,8,0.67,Business,Mortgaged,High
CUST1140,52,Male,Married,Self-Employed,668758.0,1468006,12,804.0,0,10,0.24,Home,Owned,High
CUST1141,24,Female,Single,Salaried,1155205.0,528705,24,372.0,1,4,0.16,Car,Mortgaged,Medium
CUST1142,50,Female,Single,Salaried,2323091.0,352619,12,548.0,0,7,0.85,Car,Owned,High
CUST1143,57,Male,Single,Salaried,1166649.0,656954,60,810.0,4,10,0.31,Car,Mortgaged,Medium
CUST1144,43,Male,Married,Salaried,986635.0,408766,48,515.0,5,5,0.78,Car,Mortgaged,Medium
CUST1145,59,Female,Single,Self-Employed,1134048.0,157573,36,840.0,0,9,0.79,Home,Owned,Low
CUST1146,35,Male,Married,Salaried,,319152,48,519.0,1,7,0.72,Home,Rented,Low
CUST1147,63,Male,Married,,728036.0,360435,48,520.0,2,10,,,Rented,Low
CUST1148,49,Male,Single,Salaried,1627989.0,208477,60,688.0,0,2,0.76,Business,Rented,Medium
CUST1149,56,Female,Married,Self-Employed,2232709.0,1346717,24,853.0,3,2,0.72,Home,Owned,High
CUST1150,33,Male,Married,Self-Employed,1067196.0,348530,36,341.0,2,4,,Personal,Rented,Medium
CUST1151,52,Female,Single,Salaried,1400532.0,1250475,24,582.0,3,10,0.37,Education,Rented,Low
CUST1152,27,Male,Single,Salaried,1199074.0,869472,72,357.0,3,9,0.31,Business,Owned,Low
CUST1153,42,Female,Single,Salaried,664462.0,390687,48,836.0,3,2,0.2,,Rented,Low
CUST1154,48,Female,Married,Salaried,874619.0,1065197,72,372.0,0,7,0.51,Education,Rented,Low
CUST1155,22,Male,Married,Self-Employed,1376792.0,609603,12,428.0,4,9,0.57,Personal,Rented,Medium
CUST1156,62,Female,Married,Self-Employed,2168183.0,1396652,48,,2,7,0.39,Home,Owned,High
CUST1157,26,Male,Married,Salaried,,464380,24,725.0,1,1,0.48,Home,Owned,Low
CUST1158,48,Female,Married,Salaried,2472759.0,1230594,48,424.0,4,3,0.39,Education,Rented,Low
CUST1159,48,Male,Married,,609319.0,851125,12,366.0,0,9,0.61,Home,Rented,Medium
CUST1160,64,Male,Married,Salaried,474535.0,339385,60,305.0,3,0,0.82,Car,Owned,Low
CUST1161,64,Female,Single,Self-Employed,1146405.0,951626,72,613.0,1,3,0.23,Home,Rented,High
CUST1162,40,Male,Single,Salaried,821825.0,145790,72,625.0,2,10,0.41,Business,Owned,Low
CUST1163,50,Male,Single,Salaried,,983044,24,864.0,4,3,0.21,Education,Rented,Low
CUST1164,31,Female,Single,Salaried,2478581.0,646543,48,877.0,5,9,0.6,Business,Owned,Low
CUST1165,48,Male,Married,Salaried,2204517.0,1270851,24,805.0,4,8,0.68,Personal,Mortgaged,Low
CUST1166,45,Male,Divorced,,1021935.0,1360015,60,381.0,1,2,0.85,Business,Mortgaged,Medium
CUST1167,59,Female,Single,Salaried,2262362.0,1109926,48,898.0,0,1,0.32,Car,Owned,Low
CUST1168,53,Female,Single,,2207338.0,368953,48,301.0,2,8,0.86,Car,Mortgaged,Low
CUST1169,21,Male,Married,Salaried,788574.0,151894,24,503.0,1,8,0.15,Business,Rented,Low
CUST1170,47,Male,Divorced,Salaried,304927.0,1458277,24,703.0,3,0,0.58,Personal,Owned,Low
CUST1171,33,Female,Single,Salaried,2049916.0,486048,12,402.0,2,5,0.15,Home,Owned,Low
CUST1172,61,Female,Married,Salaried,223386.0,329720,60,835.0,4,9,0.82,Car,Rented,Low
CUST1173,23,Male,Single,Self-Employed,1426402.0,1181960,12,667.0,1,7,0.52,Business,Rented,Medium
CUST1174,59,Female,Single,Salaried,1539022.0,1098966,72,511.0,4,2,0.64,Business,Owned,High
CUST1175,26,Male,Divorced,Salaried,1571535.0,881868,48,876.0,4,10,0.77,Business,Rented,Low
CUST1176,28,Male,Divorced,Unemployed,452156.0,456245,24,508.0,4,8,0.22,Home,Owned,Low
CUST1177,47,Male,Single,Salaried,1049776.0,72490,48,416.0,0,1,0.13,Education,Rented,Low
CUST1178,29,Male,Divorced,Unemployed,1153122.0,882307,48,777.0,4,5,0.8,Personal,Owned,Low
CUST1179,57,Male,Married,Salaried,669450.0,655108,36,404.0,3,0,0.35,Education,Rented,Medium
CUST1180,53,Female,Married,Self-Employed,523258.0,1460235,72,794.0,3,6,0.2,Personal,Rented,Medium
CUST1181,62,Female,Married,,2498354.0,321265,36,345.0,2,2,0.47,Personal,Mortgaged,Medium
CUST1182,64,Female,Married,Self-Employed,314589.0,51539,48,630.0,5,6,0.58,Business,Mortgaged,Low
CUST1183,44,Female,Married,Unemployed,1393982.0,1488122,24,515.0,4,3,0.12,Car,Mortgaged,Low
CUST1184,35,Male,Married,Salaried,819003.0,362579,48,791.0,4,8,0.32,Business,Rented,High
CUST1185,52,Male,Single,Unemployed,393839.0,565584,72,,1,4,0.13,Home,Owned,Low
CUST1186,52,Male,Single,Salaried,706453.0,113965,36,835.0,0,2,0.44,Personal,Rented,Low
CUST1187,44,Male,Single,Salaried,,1471768,24,810.0,5,7,0.82,Car,Mortgaged,High
CUST1188,61,Female,Married,Salaried,1755811.0,1430642,48,757.0,2,5,,Personal,Rented,Medium
CUST1189,32,Male,Single,,1082894.0,1196375,60,846.0,5,1,0.61,Personal,Mortgaged,Medium
CUST1190,59,Male,Married,Salaried,1856042.0,1192524,72,835.0,4,2,0.23,Business,Mortgaged,Low
CUST1191,22,Female,Divorced,Salaried,2190073.0,1241890,72,839.0,1,7,0.82,Car,Owned,Low
CUST1192,23,Female,Single,Salaried,953492.0,298099,60,783.0,0,9,0.51,Car,Owned,Low
CUST1193,57,Female,Married,Self-Employed,296393.0,1080065,48,315.0,2,6,0.22,Personal,Mortgaged,Medium
CUST1194,37,Female,Married,Self-Employed,2110332.0,845379,72,870.0,5,9,0.84,Car,Mortgaged,Low
CUST1195,22,Male,Married,Salaried,1678081.0,817610,24,542.0,2,5,0.71,Car,Rented,Medium
CUST1196,22,Male,Single,Salaried,1770889.0,776826,48,506.0,4,0,0.69,,Mortgaged,Medium
CUST1197,48,Female,Married,Salaried,1745491.0,1354397,48,570.0,2,8,0.67,Education,Rented,Low
CUST1198,43,Male,Married,Salaried,837999.0,1409505,36,414.0,1,2,0.26,Home,Mortgaged,Low
CUST1199,57,Male,Divorced,Salaried,939538.0,956395,72,879.0,2,4,0.27,Education,Owned,Low
CUST1200,52,Male,Married,Salaried,1259670.0,1110194,72,598.0,3,6,0.65,Car,Owned,Medium
CUST1201,53,Female,Married,Salaried,,386430,60,782.0,1,6,0.28,Personal,Mortgaged,Medium
CUST1202,21,Male,Married,Unemployed,1150922.0,1376842,36,696.0,5,2,0.45,Home,Rented,Medium
CUST1203,39,Female,Married,Salaried,2040749.0,712714,36,693.0,0,3,0.73,Home,Rented,Low
CUST1204,22,Male,Married,Salaried,1884449.0,660724,72,374.0,0,9,0.73,Personal,Rented,Low
CUST1205,64,Male,Single,Salaried,,260448,48,781.0,4,6,0.46,Home,Mortgaged,Medium
CUST1206,46,Male,Divorced,Salaried,,1020278,36,402.0,4,7,0.73,Personal,Mortgaged,Low
CUST1207,52,Female,Married,Salaried,1633284.0,545919,60,596.0,3,1,0.77,Home,Owned,Medium
CUST1208,26,Male,Married,Self-Employed,1317374.0,1234685,36,477.0,5,8,,Education,Owned,Medium
CUST1209,52,Female,Single,Salaried,2498756.0,1127209,60,514.0,0,6,,Home,Mortgaged,Low
CUST1210,24,Female,Married,Salaried,2407282.0,860927,36,614.0,0,7,0.32,Business,Owned,Low
CUST1211,31,Female,Single,Unemployed,230257.0,900982,60,338.0,0,5,0.35,Personal,Rented,Low
CUST1212,37,Male,Married,Self-Employed,607427.0,262456,36,558.0,0,5,0.19,Home,Rented,Low
CUST1213,58,Male,Single,,1185257.0,1397203,36,306.0,2,8,0.32,Personal,Mortgaged,Medium
CUST1214,44,Male,Married,Salaried,1301267.0,425325,24,348.0,5,3,0.27,Business,Rented,Medium
CUST1215,25,Male,Divorced,Self-Employed,2255845.0,516589,60,837.0,1,10,0.46,Home,Mortgaged,High
CUST1216,54,Female,Single,Salaried,1852632.0,346213,60,460.0,1,10,0.83,Home,Rented,Medium
CUST1217,26,Female,Divorced,Salaried,,1237018,60,475.0,3,4,0.18,Business,Mortgaged,Low
CUST1218,42,Female,Married,Salaried,743898.0,953275,12,890.0,2,8,0.68,Business,Rented,Low
CUST1219,31,Male,Married,Salaried,1746933.0,1170523,36,301.0,0,0,0.65,Business,Rented,Medium
CUST1220,36,Female,Married,Salaried,525329.0,220205,60,754.0,0,3,0.18,,Owned,Low
CUST1221,53,Male,Married,,1427222.0,1194337,72,575.0,4,6,0.84,Business,Owned,Medium
CUST1222,29,Female,Married,Unemployed,1241482.0,1474473,12,797.0,4,10,0.55,Personal,Owned,Medium
CUST1223,26,Male,Married,Unemployed,1766996.0,968196,24,327.0,3,8,0.39,Education,Owned,Low
CUST1224,36,Male,Married,Self-Employed,1743812.0,1203276,60,632.0,0,10,0.71,Home,Owned,Low
CUST1225,49,Female,Single,Salaried,2151144.0,1434704,60,300.0,3,9,0.31,Home,Owned,Medium
CUST1226,23,Female,Married,,1065256.0,623881,12,487.0,2,5,0.65,Car,Mortgaged,High
CUST1227,40,Female,Married,Salaried,2195957.0,1068454,36,355.0,1,7,0.13,Education,Mortgaged,Low
CUST1228,56,Female,Married,Self-Employed,200917.0,55209,72,846.0,0,8,0.77,Business,Owned,High
CUST1229,39,Male,Married,Salaried,1051007.0,449749,24,411.0,5,9,0.46,Business,Mortgaged,Medium
CUST1230,46,Female,Married,Self-Employed,479143.0,1367931,60,609.0,2,3,,Education,Owned,High
CUST1231,23,Female,Married,Salaried,462091.0,1108503,36,335.0,0,0,0.28,Business,Mortgaged,Low
CUST1232,39,Female,Single,Self-Employed,1703637.0,691621,72,738.0,5,7,0.64,,Rented,Low
CUST1233,40,Male,Married,Unemployed,603157.0,1254242,72,891.0,4,1,0.72,Personal,Mortgaged,Medium
CUST1234,52,Male,Single,Salaried,2145692.0,780212,24,894.0,3,10,0.48,Home,Mortgaged,High
CUST1235,27,Female,Single,Salaried,2356973.0,1307361,48,876.0,4,0,0.59,Education,Mortgaged,Low
CUST1236,61,Male,Single,Unemployed,449265.0,388526,72,624.0,1,6,0.47,Home,Rented,Medium
CUST1237,53,Female,Single,Salaried,1584822.0,189005,48,606.0,4,9,0.82,Personal,Owned,High
CUST1238,60,Male,Married,Self-Employed,2007402.0,1079661,72,833.0,0,8,0.5,Education,Mortgaged,Low
CUST1239,59,Male,Single,Salaried,2149902.0,246521,24,408.0,5,10,0.77,Personal,Mortgaged,Medium
CUST1240,38,Male,Married,Salaried,1335371.0,1428336,12,671.0,4,8,0.74,Business,Rented,High
CUST1241,60,Male,Single,,528821.0,973593,24,656.0,0,2,0.43,Business,Owned,Low
CUST1242,21,Female,Single,,859987.0,499764,24,480.0,1,5,0.28,Business,Mortgaged,Low
CUST1243,31,Female,Single,Self-Employed,443877.0,1255771,12,655.0,5,6,0.42,Personal,Rented,Medium
CUST1244,48,Female,Single,Salaried,1747419.0,1499589,12,367.0,4,9,0.76,Personal,Owned,Low
CUST1245,45,Male,Married,Salaried,1120759.0,1148589,36,591.0,3,8,0.28,Personal,Owned,Low
CUST1246,43,Female,Married,Salaried,1961369.0,451562,72,480.0,3,1,0.52,Home,Mortgaged,High
CUST1247,51,Female,Married,Salaried,2433437.0,266486,36,765.0,5,7,0.74,Personal,Mortgaged,Medium
CUST1248,50,Female,Married,Self-Employed,1792268.0,476888,12,733.0,3,6,0.38,Business,Mortgaged,Medium
CUST1249,62,Male,Single,Unemployed,2413697.0,885988,48,763.0,4,3,0.61,Car,Mortgaged,Medium
CUST1250,55,Male,Married,Salaried,1667172.0,960155,48,,4,1,0.3,Personal,Rented,Low
CUST1251,27,Male,Married,,1956963.0,600428,24,365.0,5,7,0.19,Car,Rented,Low
CUST1252,36,Female,Married,Self-Employed,2058997.0,313328,60,320.0,4,10,0.74,Business,Mortgaged,Low
CUST1253,46,Female,Single,Salaried,985945.0,161361,24,683.0,0,4,0.18,Personal,Owned,Low
CUST1254,22,Female,Single,Unemployed,1618826.0,842038,24,858.0,1,5,0.32,Home,Mortgaged,Medium
CUST1255,21,Male,Single,Salaried,,447172,60,338.0,3,10,0.78,Home,Owned,Medium
CUST1256,32,Male,Single,Salaried,981163.0,1115131,72,584.0,0,6,0.38,Car,Owned,Low
CUST1257,25,Female,Married,Self-Employed,2057447.0,664673,12,896.0,5,9,0.88,Home,Owned,Low
CUST1258,57,Male,Married,Salaried,1629290.0,1419222,48,,3,0,0.88,Home,Rented,Low
CUST1259,52,Male,Married,Self-Employed,1194453.0,305658,24,487.0,0,7,0.31,Home,Owned,Low
CUST1260,29,Male,Married,Self-Employed,2312147.0,804085,60,542.0,4,3,0.13,Business,Owned,Low
CUST1261,61,Male,Married,Salaried,2320711.0,153844,36,372.0,5,8,0.66,Home,Rented,Low
CUST1262,55,Female,Married,Self-Employed,721244.0,1189897,24,778.0,5,0,0.46,Education,Owned,Medium
CUST1263,39,Male,Divorced,Salaried,2276967.0,885488,48,860.0,3,10,0.18,,Owned,Low
CUST1264,36,Male,Single,Salaried,1599769.0,148234,12,400.0,4,1,0.67,Home,Mortgaged,Low
CUST1265,23,Male,Single,Self-Employed,1925055.0,524718,24,813.0,3,5,0.12,Home,Owned,Medium
CUST1266,40,Male,Single,Unemployed,644755.0,801993,24,475.0,2,10,0.8,Home,Owned,Low
CUST1267,44,Female,Married,Salaried,688051.0,1048922,72,537.0,0,9,0.21,Education,Owned,Medium
CUST1268,53,Female,Married,Salaried,1025782.0,775571,60,358.0,2,10,0.2,Home,Owned,Low
CUST1269,44,Male,Single,Self-Employed,639439.0,878282,36,398.0,0,0,0.24,Home,Owned,Low
CUST1270,31,Male,Divorced,Self-Employed,1274093.0,521761,36,794.0,1,3,0.87,Personal,Rented,Low
CUST1271,28,Male,Single,,615466.0,1388563,12,813.0,5,7,0.65,Education,Owned,High
CUST1272,56,Male,Divorced,Salaried,1464134.0,374464,48,596.0,3,9,0.74,Education,Owned,Low
CUST1273,58,Male,Single,Salaried,1708590.0,604081,12,510.0,1,4,0.42,Home,Rented,High
CUST1274,60,Male,Single,Salaried,1765615.0,1071911,24,,1,8,0.37,Education,Rented,Low
CUST1275,40,Female,Married,Self-Employed,2094554.0,1118203,24,528.0,5,10,0.29,Car,Owned,Low
CUST1276,55,Male,Single,Salaried,,1422542,36,893.0,5,10,0.48,Education,Owned,Low
CUST1277,45,Female,Single,Salaried,1354262.0,527317,48,687.0,0,5,0.54,Education,Owned,Low
CUST1278,55,Female,Single,Unemployed,1861015.0,1321209,60,439.0,2,0,0.61,Education,Mortgaged,Low
CUST1279,45,Male,Married,Salaried,1147272.0,1019752,48,840.0,4,5,,Business,Mortgaged,Low
CUST1280,49,Female,Married,,919778.0,367942,24,690.0,0,5,0.86,Business,Owned,Low
CUST1281,38,Female,Single,Self-Employed,1736178.0,387462,60,569.0,4,5,0.24,Business,Rented,Low
CUST1282,38,Female,Married,Self-Employed,1946724.0,1464906,48,311.0,1,7,0.87,Education,Owned,Low
CUST1283,22,Female,Married,Salaried,2349598.0,400046,48,688.0,4,5,0.11,,Rented,Low
CUST1284,55,Female,Single,Salaried,911943.0,471773,60,636.0,2,4,0.48,Education,Rented,Low
CUST1285,36,Female,Married,,,383478,24,805.0,0,10,0.37,Home,Rented,Medium
CUST1286,61,Male,Single,Self-Employed,2437300.0,518379,48,,5,1,0.46,Car,Owned,High
CUST1287,56,Female,Single,Self-Employed,231085.0,418863,60,331.0,2,3,0.56,Business,Owned,Low
CUST1288,53,Female,Married,Salaried,1566291.0,1221675,72,373.0,2,9,0.45,Personal,Rented,Low
CUST1289,24,Female,Single,Self-Employed,2148939.0,783362,72,470.0,0,4,0.43,Car,Mortgaged,Low
CUST1290,53,Male,Married,Self-Employed,1760336.0,747974,24,368.0,5,9,0.69,Business,Mortgaged,High
CUST1291,34,Female,Married,Self-Employed,235903.0,1373440,60,661.0,2,3,0.65,Car,Mortgaged,Low
CUST1292,41,Male,Single,Self-Employed,1452137.0,1418328,72,732.0,5,1,0.77,Car,Rented,Medium
CUST1293,40,Female,Married,Self-Employed,2198173.0,157449,60,399.0,3,6,0.3,Education,Owned,Low
CUST1294,28,Male,Single,Self-Employed,1863900.0,1201404,48,308.0,3,9,0.59,Home,Rented,Low
CUST1295,27,Male,Divorced,Salaried,812242.0,1225189,24,873.0,3,9,0.57,,Mortgaged,Low
CUST1296,23,Female,Married,Salaried,712493.0,122095,72,328.0,4,1,0.4,Business,Owned,Low
CUST1297,37,Female,Married,Salaried,1690017.0,680212,48,413.0,2,0,0.49,Car,Rented,High
CUST1298,53,Male,Married,Salaried,1069446.0,670740,12,761.0,0,4,0.35,Personal,Rented,Low
CUST1299,32,Female,Single,Salaried,841593.0,137593,12,442.0,0,0,0.21,Car,Mortgaged,Medium
CUST1300,42,Male,Married,Salaried,1667130.0,741252,24,689.0,4,0,0.27,Home,Rented,Medium
CUST1301,42,Male,Divorced,Salaried,1734227.0,1437962,72,456.0,0,0,0.18,Personal,Owned,Medium
CUST1302,50,Male,Married,Salaried,2497905.0,952473,72,634.0,3,5,0.65,Business,Mortgaged,Low
CUST1303,58,Male,Married,Self-Employed,232101.0,176202,72,559.0,2,8,0.63,Car,Mortgaged,Low
CUST1304,58,Male,Married,Unemployed,202775.0,127606,60,381.0,0,9,0.86,Home,Owned,Low
CUST1305,28,Female,Single,Salaried,1884361.0,1222345,48,740.0,0,10,0.68,Personal,Mortgaged,Low
CUST1306,47,Male,Single,Unemployed,2342771.0,168542,72,471.0,1,0,0.14,Car,Rented,Medium
CUST1307,47,Male,Married,Salaried,2006210.0,1467158,48,530.0,1,4,0.81,Car,Rented,Low
CUST1308,54,Female,Married,Salaried,2362301.0,625610,24,374.0,1,8,0.79,Business,Mortgaged,Medium
CUST1309,41,Male,Married,Salaried,226616.0,1256126,72,569.0,2,8,0.45,Home,Owned,Low
CUST1310,50,Female,Divorced,Salaried,946055.0,505433,24,361.0,3,0,0.57,Education,Rented,High
CUST1311,53,Female,Single,Self-Employed,1434215.0,674987,72,619.0,5,7,0.88,Car,Owned,Low
CUST1312,48,Female,Single,Self-Employed,406903.0,140140,12,401.0,3,0,0.53,Personal,Rented,Low
CUST1313,53,Male,Married,,1479894.0,1497307,36,728.0,3,7,0.82,Business,Rented,High
CUST1314,25,Male,Single,Salaried,2096807.0,1478078,24,554.0,2,0,0.17,Business,Mortgaged,Low
CUST1315,39,Male,Married,Salaried,1238218.0,1396853,72,831.0,2,4,0.25,Car,Mortgaged,High
CUST1316,24,Female,Married,Salaried,552365.0,1196204,36,869.0,1,7,0.45,Car,Owned,Low
CUST1317,55,Male,Married,Salaried,561309.0,1183634,24,411.0,0,5,0.57,Car,Mortgaged,Low
CUST1318,37,Female,Single,Salaried,255863.0,531799,60,612.0,4,8,0.75,Education,Rented,Medium
CUST1319,64,Male,Married,Self-Employed,2117577.0,1250118,72,760.0,4,0,0.89,Car,Rented,High
CUST1320,48,Female,Married,Unemployed,1751899.0,1403849,60,761.0,5,8,0.41,Home,Owned,Low
CUST1321,50,Male,Married,Salaried,977635.0,1369251,12,391.0,0,0,0.14,Personal,Owned,High
CUST1322,49,Male,Single,Unemployed,913340.0,1397758,72,351.0,5,9,0.74,Car,Rented,Medium
CUST1323,26,Male,Married,Salaried,478495.0,1448659,12,819.0,1,9,0.58,Education,Mortgaged,Medium
CUST1324,55,Female,Married,Salaried,1031257.0,92674,36,397.0,5,2,0.26,Personal,Mortgaged,Low
CUST1325,61,Female,Single,Salaried,2046357.0,177572,24,535.0,0,0,0.5,Business,Owned,Low
CUST1326,57,Male,Single,Self-Employed,2079262.0,341975,48,673.0,0,2,0.69,Car,Owned,High
CUST1327,44,Male,Single,Unemployed,2073233.0,631462,12,880.0,4,10,0.72,Personal,Rented,High
CUST1328,49,Female,Married,Self-Employed,1523173.0,481436,48,856.0,1,1,0.5,Business,Rented,Low
CUST1329,51,Female,Married,Salaried,1922750.0,495935,48,533.0,2,1,0.34,Education,Owned,Low
CUST1330,55,Female,Married,Self-Employed,1922199.0,830296,24,331.0,5,8,0.88,Home,Rented,Low
CUST1331,53,Male,Single,Salaried,900033.0,1151627,36,588.0,4,7,0.63,Car,Owned,Medium
CUST1332,41,Female,Single,,1113438.0,1301661,24,878.0,5,0,0.43,Home,Owned,Low
CUST1333,52,Male,Married,Salaried,334445.0,1417372,72,841.0,5,3,0.32,Education,Mortgaged,Low
CUST1334,43,Female,Married,Salaried,603551.0,1164100,12,413.0,2,0,0.68,Personal,Owned,Low
CUST1335,53,Male,Divorced,Salaried,2045700.0,318614,48,503.0,1,0,0.29,Personal,Rented,Medium
CUST1336,23,Female,Single,Self-Employed,1413705.0,567733,24,328.0,0,3,0.24,,Mortgaged,Low
CUST1337,38,Female,Married,Salaried,2450989.0,365617,24,773.0,3,1,0.52,Education,Mortgaged,Low
CUST1338,45,Female,Married,Self-Employed,914647.0,987384,24,552.0,5,2,0.33,Car,Rented,Medium
CUST1339,62,Female,Married,Salaried,1107179.0,1143015,12,685.0,3,10,0.6,Business,Rented,Medium
CUST1340,51,Female,Married,Self-Employed,1071535.0,326452,36,361.0,1,8,0.19,Home,Rented,Low
CUST1341,23,Male,Married,Self-Employed,1983611.0,141563,24,814.0,3,1,0.62,Home,Owned,Low
CUST1342,60,Female,Divorced,Self-Employed,2474749.0,801616,12,729.0,5,3,0.33,Personal,Mortgaged,Medium
CUST1343,44,Female,Single,Salaried,1942166.0,1395801,48,879.0,2,0,0.1,Personal,Owned,Medium
CUST1344,52,Female,Single,Salaried,1235408.0,780602,72,836.0,3,1,0.2,Car,Owned,Medium
CUST1345,42,Male,Married,Salaried,1661312.0,809495,60,440.0,1,4,0.85,Education,Owned,High
CUST1346,43,Female,Married,Self-Employed,1059625.0,1019655,12,599.0,1,9,0.79,Home,Owned,Medium
CUST1347,22,Male,Single,Salaried,696440.0,217896,60,610.0,2,0,0.29,Car,Mortgaged,Medium
CUST1348,47,Female,Single,Salaried,1671926.0,671912,24,770.0,3,10,0.72,,Mortgaged,Low
CUST1349,62,Female,Single,Salaried,1652137.0,469515,24,692.0,3,6,0.59,Personal,Owned,Low
CUST1350,22,Male,Married,Salaried,2469409.0,1067497,12,744.0,0,3,0.88,,Rented,Low
CUST1351,46,Female,Single,Self-Employed,2019400.0,80063,60,471.0,4,5,0.4,Personal,Mortgaged,Low
CUST1352,37,Male,Single,Salaried,1472597.0,1089272,24,875.0,1,7,0.65,Personal,Owned,Low
CUST1353,60,Male,Single,Self-Employed,1903820.0,304371,48,330.0,0,5,0.15,Business,Rented,Low
CUST1354,53,Female,Single,Salaried,,1035976,36,346.0,1,1,0.42,Education,Rented,Medium
CUST1355,29,Male,Single,Salaried,495599.0,152166,36,429.0,0,0,0.87,Personal,Owned,Low
CUST1356,63,Female,Married,Salaried,1757009.0,1113082,24,651.0,4,7,0.53,Business,Mortgaged,Low
CUST1357,59,Female,Single,Salaried,1145522.0,1323989,60,880.0,0,7,0.33,Car,Rented,High
CUST1358,49,Male,Married,Salaried,797904.0,1047358,72,,1,8,0.2,Personal,Mortgaged,Low
CUST1359,62,Male,Single,Self-Employed,316841.0,1212180,24,405.0,3,5,,Car,Mortgaged,Low
CUST1360,46,Male,Married,Salaried,1913422.0,1124602,72,629.0,1,0,0.62,Personal,Rented,Low
CUST1361,55,Male,Married,Self-Employed,369934.0,470888,72,682.0,5,8,0.4,Home,Owned,High
CUST1362,45,Female,Married,Salaried,1831734.0,1413133,60,461.0,2,2,0.86,Business,Rented,Low
CUST1363,44,Female,Married,Salaried,1335270.0,1353692,72,585.0,2,10,0.12,Business,Rented,Medium
CUST1364,33,Male,Single,Self-Employed,437068.0,1425786,48,370.0,5,5,0.34,Home,Mortgaged,Low
CUST1365,27,Female,Single,Salaried,,240285,60,753.0,2,9,0.84,Education,Owned,Low
CUST1366,56,Female,Married,Salaried,2398559.0,1149547,24,866.0,2,9,0.36,Business,Mortgaged,Low
CUST1367,40,Female,Divorced,Salaried,1804243.0,470497,48,696.0,4,10,0.3,Car,Rented,Medium
CUST1368,21,Female,Married,Salaried,1051161.0,163978,12,814.0,3,8,0.53,Business,Owned,Medium
CUST1369,28,Male,Married,Self-Employed,1485076.0,1257739,36,325.0,3,10,0.76,Education,Owned,Medium
CUST1370,36,Male,Married,Salaried,778641.0,153864,24,,1,2,0.18,Car,Owned,Medium
CUST1371,34,Female,Married,Self-Employed,905356.0,1081259,24,425.0,5,4,,Car,Owned,Low
CUST1372,32,Male,Single,Self-Employed,2049039.0,986114,24,707.0,0,4,0.74,Home,Owned,Medium
CUST1373,43,Male,Married,Salaried,1838846.0,444295,48,,1,9,0.25,Personal,Rented,Low
CUST1374,35,Male,Divorced,Unemployed,236683.0,669674,12,497.0,1,6,0.67,Home,Rented,Medium
CUST1375,48,Female,Single,Salaried,2414949.0,498648,60,487.0,1,3,0.41,Personal,Rented,Low
CUST1376,54,Female,Married,Unemployed,1659410.0,655151,12,783.0,1,10,0.42,Home,Mortgaged,Low
CUST1377,22,Female,Single,Salaried,524934.0,390435,48,749.0,3,3,0.73,Personal,Owned,Low
CUST1378,52,Male,Married,Self-Employed,2002466.0,175659,24,822.0,0,6,0.87,Business,Owned,Low
CUST1379,43,Female,Single,Salaried,997583.0,1105811,36,653.0,1,8,0.2,Car,Rented,Low
CUST1380,42,Female,Married,Salaried,664310.0,1443453,24,896.0,3,10,0.44,Personal,Owned,Medium
CUST1381,45,Male,Married,Self-Employed,1438822.0,1161288,60,399.0,1,3,0.48,Business,Mortgaged,Low
CUST1382,42,Female,Single,Self-Employed,757242.0,1251121,72,857.0,2,3,0.4,Education,Owned,Low
CUST1383,42,Female,Married,Salaried,968223.0,812178,36,855.0,1,5,0.39,Home,Owned,Medium
CUST1384,62,Male,Married,Salaried,309373.0,175849,24,577.0,5,5,0.14,Education,Mortgaged,Low
CUST1385,26,Male,Divorced,Self-Employed,758988.0,1074903,36,790.0,5,6,0.65,,Rented,Medium
CUST1386,35,Male,Single,Self-Employed,1210540.0,305493,72,554.0,1,0,0.45,Education,Rented,Medium
CUST1387,63,Female,Single,Unemployed,1372304.0,654111,12,680.0,4,10,0.26,Education,Owned,High
CUST1388,57,Female,Single,Self-Employed,2233648.0,1202791,48,841.0,2,2,0.75,Business,Mortgaged,Medium
CUST1389,53,Female,Divorced,Unemployed,1843909.0,82230,24,563.0,0,8,0.74,Car,Rented,Low
CUST1390,28,Male,Divorced,Self-Employed,1679634.0,396717,60,628.0,1,5,0.49,Personal,Rented,Low
CUST1391,64,Male,Married,Salaried,1114424.0,797948,12,414.0,0,5,0.34,Home,Rented,Low
CUST1392,64,Female,Married,Salaried,1066491.0,512092,24,575.0,2,4,0.61,Personal,Owned,High
CUST1393,25,Female,Married,Self-Employed,1774745.0,352788,12,787.0,1,10,0.33,Home,Mortgaged,Low
CUST1394,59,Male,Married,Self-Employed,,1278312,60,580.0,4,2,0.29,Personal,Owned,Low
CUST1395,24,Male,Single,,1119134.0,881635,24,574.0,3,10,0.68,,Rented,Low
CUST1396,26,Male,Married,Salaried,2055797.0,1427397,72,627.0,4,4,0.13,Car,Mortgaged,Medium
CUST1397,52,Male,Single,Unemployed,1636803.0,697534,72,510.0,4,0,0.18,Education,Owned,Low
CUST1398,50,Female,Married,Salaried,2385211.0,1183393,60,851.0,3,2,0.11,Car,Rented,High
CUST1399,55,Male,Married,Salaried,642136.0,1337233,36,325.0,3,3,0.22,Business,Rented,Low
CUST1400,60,Female,Married,Salaried,1882252.0,1315609,60,326.0,5,4,0.16,Home,Owned,Low
CUST1401,36,Female,Single,Salaried,2495455.0,281414,36,382.0,3,9,0.9,Home,Rented,Low
CUST1402,33,Female,Single,Salaried,,306812,24,712.0,1,8,0.33,Business,Rented,Medium
CUST1403,62,Male,Single,Salaried,1107383.0,354958,36,466.0,0,3,0.22,Personal,Mortgaged,High
CUST1404,50,Male,Single,Salaried,1330548.0,220956,24,468.0,5,2,0.29,Business,Rented,Low
CUST1405,39,Male,Single,Self-Employed,1586205.0,1456065,24,528.0,5,9,0.85,Business,Owned,Low
CUST1406,37,Male,Divorced,Salaried,2479042.0,1355710,48,666.0,0,0,0.52,Car,Mortgaged,Medium
CUST1407,39,Female,Married,Self-Employed,1147436.0,1460808,24,827.0,5,9,0.39,Business,Owned,Low
CUST1408,48,Male,Single,Self-Employed,1517621.0,905754,36,837.0,3,5,0.8,Home,Rented,Low
CUST1409,46,Male,Single,Salaried,2414625.0,71650,48,823.0,4,6,0.42,Education,Mortgaged,Low
CUST1410,57,Female,Married,Self-Employed,1640351.0,1454962,48,371.0,2,9,0.37,Car,Mortgaged,Low
CUST1411,46,Male,Married,Salaried,1771836.0,976694,24,,3,7,0.27,Car,Mortgaged,Low
CUST1412,43,Female,Married,Self-Employed,2098917.0,1269097,60,581.0,4,0,0.4,Personal,Mortgaged,Low
CUST1413,29,Female,Divorced,Salaried,1058823.0,1269309,60,432.0,4,3,0.35,Education,Owned,Low
CUST1414,32,Female,Married,Self-Employed,939574.0,866141,72,,5,10,0.64,Car,Rented,Medium
CUST1415,21,Female,Divorced,Self-Employed,525437.0,292037,48,,1,4,0.33,Business,Rented,Low
CUST1416,21,Female,Married,Salaried,2016760.0,1179004,24,711.0,1,1,0.56,Car,Mortgaged,Medium
CUST1417,54,Female,Single,Salaried,2291013.0,256251,60,317.0,5,0,0.15,Car,Rented,Low
CUST1418,52,Female,Divorced,Self-Employed,2454029.0,584231,24,416.0,5,7,,Car,Owned,Medium
CUST1419,45,Female,Single,Self-Employed,1997001.0,71042,24,443.0,0,5,0.43,Personal,Rented,Low
CUST1420,60,Male,Married,Salaried,1072834.0,880326,48,850.0,0,4,0.85,Car,Owned,Medium
CUST1421,21,Male,Single,Self-Employed,2049087.0,1028582,72,721.0,2,8,,,Owned,Low
CUST1422,36,Male,Married,Salaried,643066.0,368903,48,668.0,2,10,0.63,Personal,Rented,High
CUST1423,59,Male,Married,Self-Employed,819696.0,1466693,12,857.0,2,10,0.3,Education,Owned,Low
CUST1424,25,Female,Married,Salaried,1893470.0,944801,60,,2,1,0.2,Home,Owned,Low
CUST1425,42,Male,Married,Self-Employed,320062.0,864811,60,405.0,4,9,0.15,Personal,Owned,High
CUST1426,49,Female,Single,Salaried,1567741.0,432811,60,515.0,4,7,0.34,Personal,Owned,Medium
CUST1427,23,Male,Single,Salaried,1232499.0,551691,36,724.0,0,10,0.23,Car,Mortgaged,Low
CUST1428,32,Male,Married,Salaried,,1058314,24,371.0,1,9,0.24,Car,Rented,High
CUST1429,46,Male,Single,Salaried,407609.0,264304,48,745.0,5,8,0.71,Home,Mortgaged,Low
CUST1430,36,Female,Married,Salaried,2212755.0,446178,60,485.0,1,0,0.11,Car,Owned,Low
CUST1431,57,Male,Single,Salaried,483006.0,488963,12,369.0,3,6,0.55,Business,Rented,High
CUST1432,42,Female,Divorced,Self-Employed,2050924.0,961612,60,449.0,4,7,0.4,Car,Owned,Low
CUST1433,49,Female,Married,Salaried,1814099.0,364493,72,545.0,2,2,0.51,Car,Rented,High
CUST1434,34,Male,Married,Salaried,1341452.0,251904,24,837.0,2,3,0.55,Business,Mortgaged,Low
CUST1435,48,Male,Single,Salaried,1556256.0,761716,24,398.0,3,2,0.35,Home,Rented,Medium
CUST1436,25,Male,Married,Salaried,1430796.0,720105,48,577.0,1,6,0.34,Business,Owned,Low
CUST1437,50,Female,Divorced,Salaried,313936.0,55730,36,862.0,2,8,0.69,Personal,Rented,High
CUST1438,25,Male,Married,Salaried,216279.0,1300786,48,754.0,1,2,,Business,Rented,Medium
CUST1439,32,Female,Married,Salaried,1319962.0,788471,60,403.0,5,5,0.25,Education,Mortgaged,Low
CUST1440,36,Female,Married,Salaried,286124.0,1117599,72,532.0,3,7,0.18,Personal,Owned,Medium
CUST1441,46,Male,Single,Salaried,1616470.0,395430,12,693.0,1,5,0.82,Car,Rented,Low
CUST1442,46,Male,Married,Salaried,2112493.0,878411,48,800.0,5,1,0.38,Personal,Mortgaged,Medium
CUST1443,41,Female,Single,Salaried,2389063.0,458213,36,550.0,1,6,0.54,Home,Rented,High
CUST1444,59,Female,Single,Salaried,1193978.0,750399,48,820.0,1,1,0.39,Home,Owned,Low
CUST1445,56,Female,Single,Unemployed,647244.0,70923,24,378.0,2,1,0.2,Business,Rented,Medium
CUST1446,53,Male,Single,Salaried,1469670.0,897405,60,351.0,0,1,0.57,Personal,Rented,Low
CUST1447,50,Female,Single,Self-Employed,2257712.0,1494679,60,525.0,4,10,0.52,,Rented,Low
CUST1448,57,Male,Single,Salaried,437723.0,244795,60,350.0,1,0,0.26,Home,Rented,Low
CUST1449,43,Female,Divorced,Self-Employed,,878854,60,485.0,1,10,0.46,Car,Owned,Medium
CUST1450,30,Female,Married,Self-Employed,1038927.0,283462,60,333.0,1,0,0.74,Education,Mortgaged,Low
CUST1451,25,Male,Divorced,Salaried,282806.0,101413,60,430.0,0,6,0.57,Home,Mortgaged,Medium
CUST1452,56,Female,Married,Unemployed,1478673.0,938916,12,742.0,5,4,0.18,Business,Rented,Low
CUST1453,54,Male,Single,Salaried,1174334.0,1354295,36,731.0,3,10,0.54,Education,Owned,Medium
CUST1454,51,Male,Married,Salaried,1192144.0,603044,60,796.0,2,2,0.66,Personal,Owned,Low
CUST1455,30,Female,Married,,2494630.0,1432296,36,702.0,0,0,0.73,Car,Owned,Medium
CUST1456,39,Male,Single,,1938460.0,1371024,72,622.0,5,10,0.6,Home,Owned,Low
CUST1457,52,Male,Married,Salaried,689709.0,460226,60,509.0,1,9,0.22,Education,Owned,Low
CUST1458,21,Female,Single,Salaried,1937821.0,1225615,48,628.0,5,5,0.67,,Owned,Low
CUST1459,25,Male,Married,Salaried,637585.0,230074,60,671.0,0,10,0.64,Home,Rented,Medium
CUST1460,24,Male,Married,,1017108.0,706735,24,759.0,0,0,0.12,Personal,Mortgaged,Low
CUST1461,36,Male,Single,Self-Employed,1050525.0,858524,12,432.0,0,8,0.43,Personal,Mortgaged,Medium
CUST1462,44,Female,Single,Salaried,1689556.0,181562,48,420.0,3,1,0.37,Business,Rented,Low
CUST1463,36,Male,Married,Salaried,2479023.0,1102305,48,751.0,4,0,0.64,Personal,Mortgaged,Medium
CUST1464,22,Female,Married,,698512.0,692510,24,428.0,2,6,0.27,Business,Owned,Low
CUST1465,48,Female,Single,Salaried,967442.0,1445936,60,390.0,3,5,0.57,Education,Owned,Low
CUST1466,52,Male,Divorced,Salaried,675278.0,658148,12,874.0,3,5,0.83,Home,Mortgaged,Low
CUST1467,47,Male,Single,Self-Employed,2130440.0,308360,48,328.0,4,4,0.74,Personal,Owned,Low
CUST1468,40,Male,Married,,579593.0,409014,12,823.0,3,10,0.84,Business,Owned,Low
CUST1469,44,Female,Divorced,,,1119974,48,632.0,0,3,,Education,Mortgaged,High
CUST1470,32,Male,Single,Salaried,1484574.0,346794,60,596.0,0,10,0.11,Personal,Rented,High
CUST1471,55,Male,Single,Self-Employed,1720180.0,678177,72,429.0,5,3,0.6,Car,Mortgaged,Medium
CUST1472,53,Male,Single,Self-Employed,2082582.0,1363879,48,592.0,1,2,0.43,Education,Mortgaged,Low
CUST1473,53,Male,Single,Self-Employed,1685183.0,410306,72,472.0,3,9,0.79,Personal,Mortgaged,Low
CUST1474,63,Male,Single,Salaried,846045.0,1324535,48,323.0,1,7,0.3,,Mortgaged,Medium
CUST1475,57,Female,Married,Salaried,1826528.0,677122,36,398.0,2,6,0.88,Home,Rented,Low
CUST1476,32,Female,Single,Salaried,2102392.0,568490,60,705.0,0,8,0.59,Home,Rented,High
CUST1477,23,Male,Married,Salaried,1545205.0,603608,24,655.0,5,0,0.73,Home,Owned,Low
CUST1478,21,Male,Divorced,Salaried,1508014.0,513092,72,438.0,2,6,0.17,Car,Owned,High
CUST1479,53,Male,Married,Salaried,2447680.0,84924,24,802.0,5,9,0.25,Home,Mortgaged,Low
CUST1480,60,Male,Married,Salaried,668011.0,1311368,60,473.0,4,3,0.71,Car,Owned,Medium
CUST1481,30,Female,Single,Self-Employed,946760.0,745385,24,328.0,0,6,0.12,Home,Rented,Low
CUST1482,63,Male,Married,Salaried,498783.0,1100735,60,795.0,2,0,0.75,Education,Owned,High
CUST1483,64,Female,Married,Salaried,1337613.0,623228,24,650.0,4,4,0.11,Personal,Owned,Low
CUST1484,49,Female,Married,Unemployed,2315226.0,520192,72,853.0,2,2,0.63,Personal,Owned,Medium
CUST1485,33,Male,Single,Unemployed,1540683.0,490420,36,598.0,5,4,,,Mortgaged,Medium
CUST1486,32,Female,Married,Self-Employed,2000298.0,712132,24,,4,3,0.59,Personal,Owned,Low
CUST1487,51,Female,Married,Unemployed,,815328,72,363.0,4,1,0.66,Home,Rented,Low
CUST1488,22,Female,Single,,653222.0,779115,48,514.0,0,10,0.37,Home,Rented,Low
CUST1489,55,Female,Single,Unemployed,2288618.0,204536,60,465.0,1,3,0.19,Business,Rented,Low
CUST1490,43,Male,Married,Salaried,837790.0,625425,12,842.0,5,2,0.16,Business,Rented,Low
CUST1491,37,Male,Married,Salaried,1533520.0,473448,12,531.0,5,0,0.57,Business,Owned,Low
CUST1492,46,Female,Married,,406548.0,897929,60,840.0,4,9,0.52,Car,Mortgaged,Low
CUST1493,28,Male,Married,Salaried,1711252.0,551233,36,494.0,4,7,0.69,Business,Rented,Medium
CUST1494,49,Male,Single,Salaried,650983.0,674773,24,805.0,0,4,0.51,Home,Rented,Medium
CUST1495,46,Male,Married,Self-Employed,2063062.0,1339546,36,633.0,1,3,0.44,Education,Mortgaged,Low
CUST1496,30,Male,Married,Self-Employed,1929004.0,1052021,12,603.0,5,9,0.42,Business,Mortgaged,High
CUST1497,46,Male,Single,Salaried,2125618.0,50901,72,736.0,3,4,0.12,Business,Rented,High
CUST1498,54,Female,Single,Salaried,1581173.0,137980,60,622.0,3,3,0.37,Education,Rented,Low
CUST1499,61,Male,Married,Self-Employed,417314.0,1468314,60,801.0,1,2,,Home,Mortgaged,Low
CUST1500,27,Male,Single,Self-Employed,1734090.0,839313,36,692.0,2,4,0.8,Car,Rented,Low
CUST1501,24,Male,Married,Salaried,2451607.0,342007,72,898.0,0,3,0.36,Business,Rented,Medium
CUST1502,31,Male,Single,Self-Employed,948692.0,816722,36,448.0,1,0,0.57,Education,Owned,Medium
CUST1503,49,Female,Single,Salaried,2276775.0,448838,24,704.0,3,2,0.78,Home,Mortgaged,Low
CUST1504,56,Female,Single,Salaried,1814694.0,565956,48,582.0,4,9,0.45,Personal,Owned,Medium
CUST1505,45,Female,Divorced,Unemployed,781904.0,537063,72,661.0,3,9,0.11,Car,Owned,Low
CUST1506,41,Female,Married,Salaried,471365.0,776546,48,678.0,4,7,0.16,Education,Mortgaged,Low
CUST1507,56,Male,Divorced,Salaried,916773.0,881633,24,497.0,0,6,0.51,Education,Owned,Medium
CUST1508,30,Female,Married,Self-Employed,2145537.0,301839,48,855.0,4,1,0.88,Education,Rented,Medium
CUST1509,57,Male,Single,Self-Employed,2241381.0,1075264,12,655.0,1,0,0.65,Business,Owned,Low
CUST1510,29,Male,Married,Salaried,278116.0,1419971,48,839.0,4,2,0.16,Personal,Mortgaged,Low
CUST1511,44,Male,Married,Salaried,584370.0,646860,24,728.0,2,4,0.25,Car,Rented,High
CUST1512,55,Male,Married,Salaried,2222643.0,886642,48,316.0,1,9,0.72,Home,Rented,Medium
CUST1513,55,Male,Single,Self-Employed,719385.0,437773,60,678.0,0,10,0.77,Home,Rented,Medium
CUST1514,56,Female,Married,Salaried,1772138.0,72499,36,805.0,1,0,0.59,Personal,Rented,Low
CUST1515,38,Female,Single,Salaried,2217337.0,676840,12,375.0,2,2,,Education,Owned,Low
CUST1516,59,Female,Single,Unemployed,2428531.0,494844,60,530.0,0,2,0.12,Education,Owned,Low
CUST1517,52,Female,Married,Salaried,1829753.0,1496395,60,547.0,3,4,0.76,Education,Rented,Low
CUST1518,44,Male,Married,Salaried,1186399.0,536525,24,601.0,2,2,0.73,Education,Mortgaged,Medium
CUST1519,43,Female,Single,Salaried,426256.0,921905,36,514.0,0,8,0.31,Education,Rented,Low
CUST1520,52,Male,Single,Self-Employed,1022376.0,193704,36,457.0,4,0,0.67,Personal,Owned,Low
CUST1521,57,Female,Married,Salaried,1085987.0,735967,72,368.0,1,3,0.27,Business,Rented,Low
CUST1522,32,Male,Married,Salaried,620539.0,1190449,12,692.0,0,9,0.13,Car,Owned,Low
CUST1523,33,Male,Married,Self-Employed,2499986.0,115756,24,384.0,1,9,0.26,Education,Rented,High
CUST1524,43,Female,Divorced,,1729017.0,490210,12,566.0,4,3,0.24,Business,Mortgaged,Medium
CUST1525,45,Male,Married,Salaried,750242.0,1293030,72,368.0,0,0,0.37,Home,Rented,Low
CUST1526,55,Male,Single,Salaried,1983802.0,1417064,48,646.0,3,1,0.43,Personal,Mortgaged,Medium
CUST1527,61,Female,Married,Salaried,1515712.0,1499141,60,722.0,2,10,0.51,Business,Mortgaged,Medium
CUST1528,50,Male,Married,Salaried,726249.0,1220473,12,473.0,0,0,0.48,Education,Rented,Medium
CUST1529,37,Female,Single,Salaried,2283631.0,570082,60,414.0,4,5,0.32,Education,Mortgaged,Low
CUST1530,40,Female,Married,Salaried,2221835.0,349488,24,519.0,0,2,0.12,Education,Mortgaged,Low
CUST1531,45,Female,Single,Salaried,999687.0,1093361,48,330.0,1,6,0.58,Business,Owned,Low
CUST1532,42,Male,Divorced,Self-Employed,2432791.0,133791,24,822.0,5,4,0.42,Education,Owned,Medium
CUST1533,33,Male,Married,Unemployed,,753335,48,642.0,0,8,0.34,Business,Mortgaged,Medium
CUST1534,39,Male,Married,Self-Employed,1268965.0,1231110,48,676.0,3,6,0.79,Education,Rented,Low
CUST1535,56,Female,Married,Self-Employed,1424171.0,1180017,60,429.0,0,3,0.7,Home,Mortgaged,Low
CUST1536,32,Male,Married,Salaried,937463.0,1336188,24,838.0,2,4,0.79,Home,Rented,Low
CUST1537,61,Female,Married,Unemployed,,483797,24,301.0,0,4,0.5,Car,Owned,Low
CUST1538,39,Female,Married,Salaried,2300510.0,1330020,12,400.0,5,10,0.2,Education,Rented,High
CUST1539,32,Male,Single,Unemployed,550679.0,1038793,24,832.0,1,4,0.66,Education,Mortgaged,Low
CUST1540,29,Female,Married,Unemployed,1501133.0,850607,12,357.0,0,9,0.26,Business,Mortgaged,Low
CUST1541,27,Male,Single,Self-Employed,2027352.0,187263,36,688.0,3,8,0.45,Business,Mortgaged,High
CUST1542,48,Male,Married,Unemployed,830270.0,395578,36,640.0,4,9,0.15,,Mortgaged,Low
CUST1543,34,Male,Married,Salaried,817367.0,952153,36,319.0,0,2,0.76,Car,Mortgaged,Medium
CUST1544,51,Male,Married,Salaried,1304381.0,97645,72,554.0,0,5,0.2,Education,Rented,Low
CUST1545,39,Male,Single,Salaried,2459573.0,289608,24,,2,7,0.82,Business,Mortgaged,Medium
CUST1546,36,Female,Single,Salaried,2216328.0,597571,72,337.0,3,10,0.79,Education,Owned,Low
CUST1547,25,Female,Married,Salaried,1061465.0,399115,24,836.0,5,8,0.47,Business,Mortgaged,Medium
CUST1548,55,Female,Single,Self-Employed,438483.0,152780,12,685.0,4,6,0.7,Education,Rented,Low
CUST1549,32,Male,Single,Unemployed,2066962.0,867166,72,325.0,1,2,0.6,Personal,Mortgaged,Low
CUST1550,45,Male,Single,Salaried,470146.0,1099091,72,753.0,0,0,0.74,,Mortgaged,Medium
CUST1551,41,Male,Divorced,Self-Employed,1580503.0,903159,72,622.0,5,3,0.45,Car,Rented,Low
CUST1552,56,Female,Married,Unemployed,,945596,48,812.0,4,5,0.73,Personal,Mortgaged,Medium
CUST1553,43,Male,Single,Unemployed,1111289.0,1406936,12,,1,2,,,Rented,Low
CUST1554,36,Female,Single,Unemployed,744026.0,383977,36,859.0,5,0,0.85,Business,Mortgaged,Low
CUST1555,59,Female,Single,Salaried,313776.0,633043,12,670.0,3,5,0.49,Personal,Owned,Medium
CUST1556,62,Male,Married,Unemployed,380494.0,558175,48,590.0,3,0,0.47,Car,Mortgaged,Medium
CUST1557,59,Male,Married,Self-Employed,2249186.0,1172446,24,631.0,4,8,0.73,Business,Rented,High
CUST1558,34,Female,Single,Salaried,2490123.0,1235656,12,560.0,1,10,0.76,Personal,Owned,Medium
CUST1559,51,Male,Single,Salaried,2079732.0,146502,72,504.0,3,0,0.54,Personal,Rented,Low
CUST1560,25,Female,Single,Self-Employed,2067307.0,640611,36,686.0,4,5,0.24,Personal,Mortgaged,High
CUST1561,55,Male,Married,,477785.0,482206,36,767.0,3,0,0.47,,Owned,Low
CUST1562,43,Male,Married,Self-Employed,1590254.0,787902,24,714.0,3,6,0.87,Education,Rented,Low
CUST1563,49,Female,Single,Self-Employed,468449.0,741804,12,368.0,5,2,0.7,Business,Owned,Low
CUST1564,63,Male,Single,Salaried,1588977.0,478556,48,771.0,5,5,0.75,,Owned,Low
CUST1565,31,Female,Single,,436371.0,385468,24,403.0,3,6,0.13,Business,Rented,Medium
CUST1566,38,Male,Divorced,Self-Employed,846275.0,530350,12,460.0,2,0,0.47,Personal,Owned,Low
CUST1567,32,Female,Single,Salaried,1924502.0,546232,60,499.0,5,0,0.62,Education,Rented,Medium
CUST1568,29,Female,Married,Salaried,324591.0,1360786,36,515.0,1,4,0.76,Car,Owned,Low
CUST1569,30,Male,Married,Salaried,839104.0,581821,48,511.0,4,5,0.14,Business,Owned,Low
CUST1570,64,Female,Single,Salaried,973720.0,1476548,72,807.0,4,8,0.78,Education,Owned,Low
CUST1571,37,Male,Single,Unemployed,1143681.0,925817,48,315.0,1,0,0.54,,Mortgaged,Medium
CUST1572,58,Male,Single,Salaried,466909.0,1016540,72,797.0,1,3,0.26,Home,Mortgaged,Low
CUST1573,27,Male,Married,Self-Employed,1534649.0,300231,48,631.0,1,9,0.35,Business,Rented,Medium
CUST1574,33,Female,Married,Salaried,1408468.0,1111516,36,850.0,1,7,0.33,Personal,Owned,Low
CUST1575,60,Female,Married,Salaried,1360152.0,430171,72,555.0,0,9,0.52,Education,Rented,Low
CUST1576,62,Male,Married,Self-Employed,1183667.0,591220,12,471.0,4,8,0.14,Education,Mortgaged,Medium
CUST1577,29,Male,Single,Self-Employed,2310932.0,1324953,72,797.0,0,2,0.23,Car,Mortgaged,Medium
CUST1578,47,Female,Divorced,Salaried,2200892.0,500043,24,,3,10,0.75,Home,Mortgaged,Low
CUST1579,22,Male,Married,Salaried,1080096.0,1028935,12,683.0,3,1,0.21,Education,Mortgaged,Medium
CUST1580,25,Male,Single,Salaried,2401340.0,1123224,24,888.0,4,3,0.29,Education,Rented,High
CUST1581,49,Female,Divorced,Salaried,790073.0,1080451,48,806.0,3,1,0.46,Personal,Owned,High
CUST1582,57,Male,Married,Self-Employed,1792173.0,82966,12,826.0,1,0,0.51,Personal,Rented,Medium
CUST1583,58,Female,Married,Salaried,1827059.0,470993,48,624.0,0,2,0.71,Car,Owned,Medium
CUST1584,39,Male,Married,Salaried,2281742.0,1354309,60,513.0,1,6,0.46,Car,Mortgaged,Low
CUST1585,28,Female,Married,Salaried,1274477.0,213639,48,507.0,3,0,0.73,Car,Owned,Medium
CUST1586,21,Male,Married,Unemployed,,296331,48,468.0,5,1,0.59,Personal,Mortgaged,Low
CUST1587,42,Male,Single,Unemployed,1673300.0,984678,24,629.0,0,0,0.19,Personal,Rented,High
CUST1588,37,Female,Single,Salaried,1798328.0,1141174,72,579.0,1,7,0.23,Home,Owned,Low
CUST1589,27,Male,Divorced,Self-Employed,2226361.0,240271,60,604.0,4,4,0.45,Business,Rented,Low
CUST1590,45,Female,Single,Salaried,497584.0,457014,48,445.0,1,7,0.42,Business,Mortgaged,Medium
CUST1591,24,Male,Single,Salaried,1605802.0,1032868,48,815.0,5,2,0.69,Home,Rented,Low
CUST1592,56,Female,Married,Self-Employed,,897516,60,389.0,3,6,0.56,Business,Mortgaged,Low
CUST1593,26,Female,Married,Unemployed,780971.0,749597,60,752.0,0,7,0.41,Personal,Mortgaged,Medium
CUST1594,51,Female,Married,Unemployed,2469654.0,705538,12,359.0,4,5,0.24,Business,Mortgaged,Medium
CUST1595,39,Female,Divorced,Salaried,2168067.0,298004,24,610.0,0,6,0.28,Personal,Rented,Medium
CUST1596,64,Male,Single,Salaried,1756570.0,1053510,60,827.0,4,1,0.56,Home,Rented,Low
CUST1597,59,Male,Single,Self-Employed,1851348.0,67118,60,526.0,0,7,0.44,Car,Owned,Medium
CUST1598,47,Female,Single,Salaried,1054741.0,1121192,36,773.0,3,4,0.51,Home,Owned,Low
CUST1599,30,Female,Married,Salaried,2223615.0,181870,72,840.0,4,6,0.24,Business,Rented,Low
CUST1600,46,Female,Married,Salaried,649777.0,1368321,60,378.0,2,0,0.63,Personal,Rented,Medium
CUST1601,39,Male,Single,Self-Employed,341449.0,52795,24,,0,4,0.78,Business,Rented,Medium
CUST1602,59,Male,Married,Salaried,1386995.0,1196038,72,452.0,0,0,0.31,Business,Rented,Low
CUST1603,23,Male,Married,Salaried,495920.0,1463612,72,700.0,1,7,0.49,Car,Mortgaged,Low
CUST1604,33,Male,Married,Unemployed,1828662.0,1433553,48,578.0,4,3,0.88,Business,Mortgaged,Low
CUST1605,48,Female,Divorced,Salaried,335370.0,1363804,48,356.0,5,3,0.37,Car,Mortgaged,Low
CUST1606,40,Female,Single,Salaried,1056636.0,837163,48,485.0,2,1,0.58,Personal,Rented,Low
CUST1607,48,Female,Married,Salaried,648377.0,1230777,48,697.0,3,4,0.17,Personal,Mortgaged,High
CUST1608,28,Male,Married,Salaried,2200564.0,209094,36,457.0,1,0,0.58,Car,Mortgaged,Medium
CUST1609,61,Male,Married,Salaried,691830.0,313749,60,658.0,2,8,0.17,Home,Owned,Medium
CUST1610,59,Male,Married,Salaried,1116004.0,1176082,48,739.0,4,4,0.87,Personal,Owned,Low
CUST1611,21,Female,Married,,1793786.0,814601,12,888.0,2,5,0.67,Home,Mortgaged,Medium
CUST1612,23,Female,Married,Salaried,627244.0,1142706,48,765.0,0,1,0.73,Personal,Mortgaged,Low
CUST1613,33,Male,Single,Unemployed,704677.0,996769,60,745.0,0,9,0.66,Personal,Mortgaged,Low
CUST1614,48,Female,Married,Salaried,,213402,48,787.0,1,9,0.57,Education,Rented,Low
CUST1615,45,Male,Divorced,Salaried,718895.0,904901,36,829.0,4,0,0.46,Business,Owned,Medium
CUST1616,53,Male,Divorced,Salaried,1475393.0,1244835,24,372.0,4,3,0.79,Business,Owned,High
CUST1617,58,Female,Single,Salaried,2289319.0,469007,24,316.0,2,6,0.87,Home,Owned,Low
CUST1618,26,Male,Single,Self-Employed,1131515.0,1451156,60,,1,5,0.5,Business,Mortgaged,Low
CUST1619,64,Female,Single,Salaried,2409821.0,1300258,24,625.0,4,9,0.85,Home,Rented,Low
CUST1620,52,Male,Married,Salaried,992330.0,1473061,24,845.0,5,0,0.57,Personal,Owned,Medium
CUST1621,41,Female,Married,Self-Employed,480539.0,273034,12,895.0,5,0,0.53,Education,Owned,Low
CUST1622,36,Female,Single,Unemployed,1942955.0,559394,60,501.0,0,7,0.46,Education,Rented,Low
CUST1623,41,Female,Married,Self-Employed,466150.0,594061,60,643.0,2,3,,Personal,Mortgaged,Medium
CUST1624,31,Male,Married,Salaried,2045964.0,840671,24,822.0,3,4,0.1,Car,Mortgaged,Low
CUST1625,57,Male,Married,Self-Employed,689415.0,333007,24,699.0,0,6,0.29,Car,Owned,Low
CUST1626,56,Female,Married,Salaried,2172158.0,363559,24,517.0,1,7,0.51,Business,Owned,Low
CUST1627,55,Female,Married,Salaried,846012.0,118968,72,744.0,4,9,0.4,Home,Rented,Medium
CUST1628,39,Male,Married,Salaried,1835765.0,543891,36,,0,6,0.46,Education,Owned,Low
CUST1629,40,Male,Single,Salaried,924857.0,634718,48,682.0,3,1,,Business,Rented,High
CUST1630,38,Male,Married,Salaried,2469798.0,1348648,36,891.0,3,3,0.38,Personal,Owned,Medium
CUST1631,61,Female,Married,Salaried,2205534.0,51515,60,306.0,5,9,0.46,Education,Owned,Low
CUST1632,34,Male,Married,Self-Employed,332659.0,147206,12,571.0,1,0,,Home,Owned,Low
CUST1633,35,Male,Married,Salaried,839872.0,295282,48,315.0,0,9,0.14,Home,Mortgaged,Low
CUST1634,51,Female,Married,Salaried,2289237.0,457821,12,723.0,2,8,0.72,Car,Rented,Low
CUST1635,21,Male,Single,Salaried,947108.0,892672,72,823.0,0,2,0.56,Business,Rented,High
CUST1636,23,Male,Married,Unemployed,1136320.0,55586,60,320.0,5,2,0.71,Personal,Mortgaged,Medium
CUST1637,36,Male,Single,Salaried,1015864.0,1068725,72,527.0,3,9,,Education,Mortgaged,Low
CUST1638,43,Female,Single,Salaried,2275838.0,958806,60,587.0,1,8,0.56,Home,Mortgaged,Low
CUST1639,31,Female,Married,Self-Employed,1428265.0,819565,12,433.0,1,9,0.3,Education,Rented,Low
CUST1640,32,Female,Divorced,Self-Employed,1413865.0,1483710,12,582.0,2,2,0.28,Personal,Owned,Low
CUST1641,30,Female,Single,Salaried,1531604.0,1447749,12,703.0,1,7,0.11,Education,Mortgaged,Medium
CUST1642,52,Female,Married,Self-Employed,467598.0,594999,60,365.0,5,1,0.2,Business,Mortgaged,Low
CUST1643,36,Female,Married,Self-Employed,1847824.0,70039,24,736.0,5,2,0.35,,Mortgaged,High
CUST1644,28,Female,Single,Self-Employed,1350997.0,256555,12,558.0,5,1,0.19,Education,Owned,Low
CUST1645,58,Male,Married,Salaried,1816482.0,1048899,72,402.0,1,0,0.89,Car,Owned,Medium
CUST1646,32,Male,Married,Self-Employed,1201452.0,1318306,48,866.0,1,1,0.35,Personal,Mortgaged,High
CUST1647,44,Female,Married,Salaried,1295687.0,51577,60,400.0,5,7,0.2,Car,Owned,Low
CUST1648,48,Male,Single,Salaried,632829.0,157792,72,497.0,1,8,0.26,Education,Mortgaged,Low
CUST1649,28,Male,Single,Salaried,416750.0,995854,36,525.0,1,1,0.57,Education,Owned,Low
CUST1650,48,Female,Married,Salaried,320592.0,1337116,36,762.0,3,6,0.15,Home,Rented,Low
CUST1651,56,Male,Married,Salaried,434000.0,1001302,48,536.0,0,4,0.79,Education,Rented,High
CUST1652,46,Male,Single,Self-Employed,522137.0,1327082,24,325.0,4,2,0.87,Car,Owned,High
CUST1653,28,Male,Married,Salaried,579653.0,60785,12,420.0,1,8,0.3,Home,Rented,High
CUST1654,48,Male,Single,Salaried,1310178.0,1170803,60,805.0,4,5,0.46,Education,Rented,Medium
CUST1655,48,Male,Married,Salaried,437069.0,955112,72,481.0,4,10,0.12,Education,Rented,Low
CUST1656,57,Female,Single,Salaried,766510.0,898389,12,842.0,3,0,0.61,Personal,Mortgaged,High
CUST1657,61,Female,Divorced,Unemployed,1490894.0,908326,72,614.0,1,4,0.43,Home,Owned,High
CUST1658,56,Female,Single,Salaried,1838197.0,1346517,60,572.0,5,6,0.32,Personal,Owned,Low
CUST1659,47,Male,Single,Salaried,908092.0,200653,36,531.0,4,3,0.27,Personal,Owned,Low
CUST1660,37,Female,Single,Salaried,1297996.0,367336,12,719.0,1,7,0.62,Personal,Rented,Low
CUST1661,29,Male,Single,Salaried,799792.0,313606,48,741.0,2,9,0.43,Business,Mortgaged,Low
CUST1662,53,Male,Married,Salaried,1775326.0,440992,24,795.0,5,4,0.24,Personal,Owned,Low
CUST1663,40,Male,Divorced,Self-Employed,823607.0,983015,48,323.0,2,8,0.65,Car,Rented,High
CUST1664,33,Male,Single,Unemployed,864635.0,1436826,24,408.0,2,8,0.55,Education,Mortgaged,High
CUST1665,48,Female,Married,Salaried,,1409385,72,801.0,4,8,0.79,Business,Mortgaged,Low
CUST1666,49,Female,Married,Self-Employed,2296836.0,1441730,12,324.0,2,0,0.19,Personal,Owned,Low
CUST1667,33,Male,Married,Self-Employed,868629.0,274737,12,486.0,3,1,0.73,Education,Owned,Medium
CUST1668,55,Female,Married,Self-Employed,1902457.0,944235,24,587.0,3,2,0.64,Home,Rented,Medium
CUST1669,26,Male,Single,Salaried,1371248.0,693970,36,637.0,4,3,0.19,Home,Owned,Low
CUST1670,38,Female,Married,Salaried,1583640.0,436213,60,,1,9,0.66,Education,Rented,Medium
CUST1671,25,Female,Married,Salaried,713953.0,1153036,48,436.0,0,8,0.45,Car,Mortgaged,High
CUST1672,45,Male,Single,Self-Employed,2057561.0,449437,72,807.0,1,9,0.86,Education,Mortgaged,High
CUST1673,22,Female,Married,Self-Employed,244036.0,466690,48,526.0,1,5,0.21,Education,Mortgaged,Low
CUST1674,30,Male,Single,Salaried,1397017.0,1073577,48,619.0,1,0,0.61,Business,Mortgaged,Low
CUST1675,50,Female,Married,Salaried,2440019.0,1213951,72,,1,8,0.41,Home,Owned,High
CUST1676,25,Male,Single,Unemployed,569349.0,949092,72,385.0,5,5,0.87,Home,Owned,Low
CUST1677,53,Male,Married,Self-Employed,885503.0,202117,12,766.0,0,3,0.36,Personal,Rented,Medium
CUST1678,21,Female,Married,Unemployed,622641.0,927751,48,352.0,5,3,0.87,Education,Rented,Low
CUST1679,38,Female,Married,Self-Employed,2123217.0,1215158,60,534.0,2,2,0.82,Education,Rented,Low
CUST1680,52,Male,Single,Salaried,537283.0,972426,60,732.0,1,6,0.32,Car,Rented,Low
CUST1681,31,Female,Married,Salaried,1778232.0,728066,24,795.0,3,2,0.74,Home,Rented,Low
CUST1682,41,Female,Married,Self-Employed,783117.0,102949,72,399.0,4,1,,Car,Mortgaged,High
CUST1683,46,Male,Married,Salaried,591180.0,513930,12,898.0,4,9,0.3,Business,Mortgaged,Low
CUST1684,45,Male,Married,Salaried,1702086.0,145558,60,702.0,5,7,0.45,Personal,Mortgaged,High
CUST1685,42,Female,Married,Self-Employed,833718.0,1059260,36,695.0,5,3,0.52,Car,Rented,High
CUST1686,47,Male,Married,Salaried,2309458.0,839148,12,826.0,3,7,0.34,Home,Mortgaged,Low
CUST1687,33,Male,Single,Self-Employed,778110.0,1246222,12,714.0,1,0,0.11,Business,Mortgaged,Medium
CUST1688,53,Male,Married,Salaried,224042.0,767186,60,762.0,0,4,,Education,Mortgaged,Low
CUST1689,54,Female,Married,Unemployed,608302.0,121916,36,840.0,2,8,0.33,Business,Mortgaged,Medium
CUST1690,61,Female,Single,Salaried,947410.0,1358166,24,663.0,4,0,0.45,Car,Owned,Medium
CUST1691,55,Male,Single,Salaried,349395.0,822378,60,429.0,2,10,0.24,Home,Rented,Low
CUST1692,21,Female,Single,Self-Employed,1135783.0,1173270,36,383.0,0,3,0.8,Car,Rented,Low
CUST1693,41,Male,Married,Salaried,1557719.0,463867,12,570.0,5,5,0.66,Education,Owned,Medium
CUST1694,26,Female,Married,Self-Employed,2359932.0,905126,36,543.0,4,9,0.17,Education,Mortgaged,High
CUST1695,48,Male,Married,Self-Employed,1965520.0,1380728,12,687.0,2,7,0.62,Home,Mortgaged,Low
CUST1696,37,Male,Married,Salaried,2148010.0,1079242,60,513.0,5,2,0.62,Personal,Mortgaged,Medium
CUST1697,25,Female,Married,Salaried,1692017.0,120474,72,465.0,0,4,0.86,Business,Rented,Low
CUST1698,51,Male,Single,Salaried,1941888.0,400068,60,358.0,2,6,0.1,Business,Rented,Medium
CUST1699,25,Female,Single,Salaried,1941599.0,1360624,48,803.0,1,0,0.3,Education,Rented,Low
CUST1700,58,Female,Married,Unemployed,322019.0,1041921,48,422.0,5,6,0.84,Car,Rented,Medium
CUST1701,23,Male,Single,Self-Employed,571852.0,776499,48,712.0,0,10,0.85,Car,Rented,Low
CUST1702,43,Male,Single,Self-Employed,1965317.0,871412,60,438.0,2,7,0.68,Personal,Owned,Medium
CUST1703,57,Female,Married,Self-Employed,379001.0,1153546,24,528.0,1,7,0.71,Car,Rented,Medium
CUST1704,57,Male,Married,Salaried,884494.0,1377486,60,573.0,1,8,,Business,Mortgaged,Medium
CUST1705,30,Male,Divorced,Unemployed,793731.0,691232,72,,0,5,0.51,Car,Rented,Medium
CUST1706,30,Male,Divorced,Self-Employed,,454911,36,861.0,3,5,0.29,Personal,Owned,Low
CUST1707,39,Male,Married,Self-Employed,296143.0,461012,60,417.0,4,1,0.24,Business,Mortgaged,High
CUST1708,37,Male,Married,Self-Employed,344771.0,1272191,60,782.0,0,2,0.75,Car,Owned,Medium
CUST1709,41,Female,Married,Salaried,1220332.0,1219070,12,694.0,1,3,0.21,Business,Mortgaged,High
CUST1710,34,Female,Married,Self-Employed,1755289.0,221277,12,759.0,1,3,0.47,Education,Rented,Low
CUST1711,29,Male,Single,Salaried,1208923.0,541966,12,377.0,0,7,0.85,Education,Owned,Low
CUST1712,21,Male,Married,,2020908.0,346303,60,711.0,3,0,0.25,,Mortgaged,Low
CUST1713,33,Male,Married,Salaried,860673.0,1110092,24,374.0,4,9,0.88,Car,Rented,Low
CUST1714,24,Female,Single,Unemployed,1917534.0,1411212,36,594.0,2,3,0.9,Personal,Mortgaged,Low
CUST1715,21,Male,Married,Self-Employed,,865518,36,320.0,0,10,0.54,Business,Owned,High
CUST1716,60,Female,Married,Self-Employed,1539527.0,233163,72,470.0,4,10,0.24,Home,Owned,Medium
CUST1717,52,Female,Single,Self-Employed,2236503.0,1226599,24,314.0,4,10,0.35,Education,Owned,High
CUST1718,54,Female,Single,Salaried,376298.0,422339,24,510.0,5,3,0.44,Education,Owned,Low
CUST1719,48,Male,Single,Unemployed,673288.0,1277414,36,859.0,1,0,0.35,Home,Rented,Low
CUST1720,51,Female,Single,Salaried,2088007.0,875169,48,385.0,2,2,0.32,Home,Mortgaged,High
CUST1721,28,Male,Single,Salaried,,321409,12,448.0,0,4,0.88,Car,Rented,Low
CUST1722,59,Female,Married,Salaried,1939122.0,688453,12,671.0,1,5,0.22,Business,Owned,Low
CUST1723,46,Male,Single,Self-Employed,975292.0,693789,36,779.0,5,8,0.69,Education,Mortgaged,High
CUST1724,54,Female,Married,Self-Employed,2110217.0,1431710,24,,5,8,0.1,Personal,Owned,Low
CUST1725,23,Male,Single,Salaried,1800741.0,544670,72,440.0,1,8,0.58,Car,Rented,Low
CUST1726,32,Female,Divorced,Salaried,389073.0,851818,48,368.0,3,10,,Car,Rented,High
CUST1727,21,Male,Single,Self-Employed,559281.0,873857,36,,4,0,0.33,Personal,Rented,Low
CUST1728,64,Male,Married,Salaried,419707.0,171635,12,820.0,0,8,0.25,Personal,Mortgaged,High
CUST1729,25,Male,Married,Self-Employed,1285610.0,748614,60,670.0,0,7,0.62,Personal,Mortgaged,Low
CUST1730,50,Male,Married,Unemployed,371389.0,270935,24,,0,1,0.67,Home,Owned,Medium
CUST1731,50,Female,Single,Salaried,1259165.0,1152210,60,400.0,1,10,0.65,Education,Mortgaged,Low
CUST1732,37,Female,Married,Salaried,1305797.0,1054221,72,542.0,3,0,0.36,Home,Mortgaged,Medium
CUST1733,43,Male,Married,Self-Employed,1025963.0,753022,36,811.0,2,0,0.3,Education,Rented,Low
CUST1734,35,Female,Married,Self-Employed,776515.0,923420,12,854.0,5,5,0.86,Home,Owned,Medium
CUST1735,57,Male,Single,Salaried,293078.0,542503,48,394.0,1,8,0.84,Business,Rented,Low
CUST1736,41,Male,Single,Unemployed,2250053.0,268599,60,,2,6,0.47,Education,Owned,Low
CUST1737,34,Female,Married,Salaried,1027679.0,287919,48,,5,4,0.78,Car,Owned,Medium
CUST1738,22,Male,Married,Salaried,959401.0,518668,72,513.0,5,10,0.46,Education,Mortgaged,Low
CUST1739,31,Male,Married,,2185681.0,453359,12,366.0,3,1,0.44,Education,Rented,Low
CUST1740,59,Female,Married,Self-Employed,2260046.0,1390144,60,695.0,4,0,0.23,Education,Mortgaged,Low
CUST1741,58,Male,Married,Salaried,2019231.0,1449564,72,311.0,0,1,0.44,Business,Mortgaged,Low
CUST1742,54,Male,Single,Self-Employed,1126921.0,878416,48,536.0,2,0,0.53,Home,Mortgaged,Low
CUST1743,58,Male,Married,Salaried,1749317.0,91505,48,698.0,1,2,0.12,Car,Owned,Low
CUST1744,54,Male,Single,Salaried,268207.0,1201054,60,706.0,2,5,0.46,Home,Rented,Low
CUST1745,38,Female,Married,Salaried,1088698.0,1161275,12,779.0,4,7,0.73,Home,Rented,Medium
CUST1746,50,Female,Married,Self-Employed,2408578.0,994461,48,521.0,0,2,0.64,Personal,Mortgaged,Low
CUST1747,35,Female,Divorced,Salaried,1759657.0,950444,36,455.0,2,9,0.61,Business,Owned,Low
CUST1748,47,Male,Single,Salaried,2431946.0,204721,72,727.0,4,8,0.83,Personal,Rented,High
CUST1749,54,Male,Single,Salaried,1943967.0,1060165,60,457.0,1,9,0.11,Business,Rented,High
CUST1750,58,Female,Single,Self-Employed,745726.0,871190,24,715.0,3,4,0.55,Home,Mortgaged,Low
CUST1751,53,Male,Single,Self-Employed,2341008.0,186668,24,625.0,5,6,0.73,Home,Owned,Low
CUST1752,44,Male,Single,Self-Employed,642244.0,328518,12,670.0,1,7,0.53,Business,Mortgaged,High
CUST1753,35,Male,Divorced,Salaried,1036309.0,692974,36,643.0,0,2,0.36,Home,Rented,Low
CUST1754,50,Male,Single,Self-Employed,690999.0,1364495,48,561.0,5,1,0.21,Home,Owned,Low
CUST1755,62,Female,Single,Salaried,817762.0,1484520,24,582.0,1,1,,Car,Mortgaged,Low
CUST1756,37,Female,Married,Self-Employed,2206549.0,857461,12,528.0,1,4,0.48,Personal,Rented,Medium
CUST1757,25,Female,Married,Unemployed,1988053.0,658269,72,579.0,1,0,0.8,Personal,Mortgaged,Low
CUST1758,49,Male,Married,Salaried,607407.0,1414359,36,589.0,1,1,0.57,Personal,Mortgaged,Medium
CUST1759,24,Female,Single,Self-Employed,1071158.0,1212586,36,346.0,5,8,0.64,Education,Mortgaged,Medium
CUST1760,30,Female,Married,Salaried,1503306.0,573472,12,513.0,0,6,,Car,Owned,Low
CUST1761,37,Male,Single,Salaried,1495308.0,456884,12,323.0,4,5,0.63,Personal,Rented,High
CUST1762,30,Male,Single,Salaried,620602.0,309021,48,620.0,2,8,0.42,Personal,Rented,Low
CUST1763,37,Female,Divorced,Salaried,1827650.0,197032,12,573.0,3,6,0.51,Car,Rented,Medium
CUST1764,40,Female,Single,Salaried,256635.0,700807,48,855.0,2,10,0.74,Home,Rented,Low
CUST1765,44,Female,Married,Self-Employed,1601430.0,1241005,48,612.0,2,4,0.4,Personal,Owned,Low
CUST1766,25,Female,Married,Salaried,1573713.0,507820,60,662.0,3,8,0.41,Home,Mortgaged,Low
CUST1767,54,Male,Single,Self-Employed,1361328.0,939171,36,679.0,5,5,0.18,,Rented,Low
CUST1768,26,Female,Married,Salaried,,1412516,72,769.0,0,5,0.83,Business,Owned,Low
CUST1769,22,Female,Single,Salaried,2430038.0,327948,36,415.0,3,10,0.17,Education,Mortgaged,Low
CUST1770,33,Male,Married,Self-Employed,1327113.0,1083237,36,341.0,0,3,0.62,Personal,Owned,Low
CUST1771,63,Female,Divorced,Salaried,1920444.0,209204,60,678.0,5,0,0.43,Business,Owned,Medium
CUST1772,63,Male,Married,Salaried,285166.0,973953,48,505.0,2,4,0.42,Car,Rented,Low
CUST1773,31,Male,Divorced,Self-Employed,1064285.0,1379785,48,765.0,0,10,0.64,Business,Rented,Medium
CUST1774,43,Male,Single,Salaried,497883.0,937935,12,579.0,5,8,0.15,Car,Mortgaged,Low
CUST1775,36,Female,Married,Salaried,363052.0,155072,60,417.0,5,7,0.57,Personal,Mortgaged,Low
CUST1776,51,Female,Single,Salaried,956079.0,714490,12,536.0,4,7,0.72,Car,Rented,Low
CUST1777,31,Male,Married,Unemployed,2120024.0,139360,60,608.0,3,4,0.76,Business,Owned,Low
CUST1778,36,Female,Divorced,Self-Employed,1643401.0,112287,12,755.0,4,8,0.24,Education,Rented,Medium
CUST1779,28,Female,Single,Self-Employed,2363405.0,1336585,24,774.0,2,2,,,Mortgaged,Low
CUST1780,24,Male,Married,Self-Employed,815416.0,757062,36,399.0,3,2,0.62,Home,Owned,High
CUST1781,60,Male,Single,Salaried,,742353,36,560.0,2,0,,Education,Owned,High
CUST1782,24,Female,Married,Salaried,1386430.0,737235,72,604.0,4,8,,Home,Owned,Low
CUST1783,45,Male,Married,Self-Employed,2112162.0,820644,48,653.0,5,5,0.53,Personal,Rented,Medium
CUST1784,23,Female,Divorced,Salaried,1979810.0,711414,72,585.0,2,1,0.84,Personal,Rented,Low
CUST1785,52,Female,Married,Salaried,1360714.0,280881,24,627.0,3,7,0.82,,Mortgaged,Low
CUST1786,23,Female,Single,Salaried,,1205933,72,402.0,3,8,0.46,Business,Owned,Medium
CUST1787,47,Female,Single,Salaried,240149.0,257440,36,362.0,2,8,0.32,Car,Owned,Low
CUST1788,49,Male,Single,Unemployed,548844.0,603958,48,581.0,3,1,0.41,Business,Rented,Low
CUST1789,52,Male,Single,Salaried,328447.0,924820,24,740.0,5,1,,Personal,Mortgaged,Low
CUST1790,39,Male,Single,Salaried,1254271.0,1449876,36,,5,6,0.33,Business,Mortgaged,Low
CUST1791,41,Male,Married,Salaried,1812033.0,1257955,12,306.0,3,10,0.31,Home,Owned,Low
CUST1792,25,Female,Married,Unemployed,880913.0,818447,60,391.0,2,3,0.79,Car,Rented,Low
CUST1793,38,Female,Married,Salaried,1614474.0,1296735,24,489.0,4,0,0.16,Car,Owned,Low
CUST1794,48,Male,Single,,553039.0,244152,48,775.0,3,7,0.64,Personal,Rented,Low
CUST1795,62,Female,Married,Self-Employed,1561425.0,653623,72,,3,1,0.24,Business,Mortgaged,Medium
CUST1796,42,Female,Married,Self-Employed,2490146.0,862744,72,761.0,3,2,0.38,Home,Owned,Low
CUST1797,41,Female,Single,Salaried,1626420.0,1072660,24,352.0,3,4,0.15,Business,Owned,Medium
CUST1798,26,Male,Married,Salaried,1250457.0,1165561,48,785.0,2,2,0.32,Education,Owned,Medium
CUST1799,21,Male,Married,Salaried,2205647.0,1025112,24,789.0,4,6,0.71,Business,Mortgaged,Medium
CUST1800,25,Male,Single,Salaried,1769720.0,533178,48,663.0,4,6,0.81,Personal,Owned,Medium
CUST1801,61,Female,Married,Salaried,1327787.0,1269925,72,411.0,0,1,0.28,Business,Mortgaged,Low
CUST1802,32,Male,Married,Salaried,1187626.0,605839,36,708.0,3,6,0.47,Car,Rented,Low
CUST1803,46,Male,Single,Salaried,,664101,12,306.0,3,10,0.48,Home,Mortgaged,Low
CUST1804,54,Male,Divorced,Salaried,2135657.0,499813,36,496.0,0,5,0.8,Personal,Rented,High
CUST1805,34,Male,Married,Self-Employed,2182539.0,1485062,12,666.0,4,9,0.71,Education,Mortgaged,Medium
CUST1806,46,Male,Married,Unemployed,1159820.0,1108213,72,549.0,1,8,0.51,,Mortgaged,Low
CUST1807,47,Male,Married,Self-Employed,919846.0,1003197,36,894.0,5,8,0.64,Home,Owned,Low
CUST1808,29,Female,Married,Salaried,1909813.0,977328,36,539.0,1,1,0.78,Car,Mortgaged,High
CUST1809,46,Female,Married,Salaried,1288129.0,601238,24,679.0,4,6,0.11,Car,Owned,Low
CUST1810,42,Male,Married,Unemployed,1755929.0,466704,60,770.0,3,4,,Car,Rented,Low
CUST1811,50,Male,Single,Salaried,1109210.0,50215,72,754.0,1,5,0.83,Personal,Rented,Low
CUST1812,63,Female,Married,Salaried,2152026.0,417747,48,665.0,2,0,0.69,Business,Owned,High
CUST1813,37,Female,Married,Salaried,232766.0,847955,72,589.0,2,6,0.53,Home,Rented,Low
CUST1814,46,Male,Married,Self-Employed,2246023.0,905121,48,702.0,0,5,0.52,,Mortgaged,Low
CUST1815,56,Male,Single,Self-Employed,755710.0,1122410,48,357.0,4,3,0.38,Business,Owned,Medium
CUST1816,21,Male,Married,Salaried,2294966.0,1395194,12,820.0,4,0,0.52,Car,Owned,Low
CUST1817,28,Male,Single,Salaried,474349.0,1067375,48,603.0,1,8,0.62,Business,Owned,High
CUST1818,55,Female,Single,Unemployed,679806.0,322544,48,414.0,3,3,0.43,Home,Rented,Low
CUST1819,35,Male,Single,Salaried,2015419.0,584633,24,509.0,4,1,0.67,Home,Rented,Low
CUST1820,42,Male,Single,Self-Employed,1660235.0,1132472,36,340.0,1,7,0.79,Education,Mortgaged,High
CUST1821,34,Male,Married,Self-Employed,1658316.0,864661,72,472.0,1,1,0.22,Personal,Mortgaged,High
CUST1822,46,Male,Married,Self-Employed,1627197.0,560269,72,533.0,5,4,0.46,Business,Owned,Low
CUST1823,48,Female,Single,,1276778.0,1366303,48,889.0,5,10,0.43,Personal,Mortgaged,Low
CUST1824,43,Female,Married,Salaried,639358.0,972401,60,702.0,4,5,0.65,Personal,Rented,Medium
CUST1825,34,Female,Married,Salaried,937744.0,563622,72,338.0,1,10,0.3,Personal,Mortgaged,Low
CUST1826,44,Male,Married,Self-Employed,2318007.0,1170113,48,418.0,0,7,0.61,Personal,Rented,High
CUST1827,22,Male,Single,Unemployed,511385.0,447783,12,634.0,0,10,0.8,Home,Mortgaged,High
CUST1828,46,Female,Married,Salaried,2263534.0,703936,12,635.0,5,0,0.43,Business,Rented,Low
CUST1829,34,Male,Divorced,Salaried,1133476.0,949084,12,838.0,4,0,0.83,Education,Rented,High
CUST1830,27,Male,Married,Unemployed,2420957.0,520455,48,373.0,3,3,0.89,Personal,Mortgaged,Low
CUST1831,23,Female,Single,Self-Employed,2128854.0,718689,24,490.0,0,4,0.18,Education,Mortgaged,Medium
CUST1832,43,Female,Single,Self-Employed,1009359.0,282117,60,623.0,0,8,0.29,Home,Rented,Low
CUST1833,63,Female,Married,Salaried,2412809.0,1432512,48,,5,10,0.86,Home,Owned,High
CUST1834,38,Female,Divorced,Salaried,2401580.0,1492020,24,583.0,5,6,0.87,Car,Mortgaged,Medium
CUST1835,58,Male,Married,Self-Employed,2419187.0,1311862,24,512.0,4,6,0.18,Personal,Rented,Medium
CUST1836,55,Male,Married,Self-Employed,1694139.0,611340,72,693.0,5,7,0.11,Car,Mortgaged,High
CUST1837,35,Female,Single,Salaried,1479356.0,500985,48,638.0,2,4,0.23,Education,Mortgaged,Low
CUST1838,45,Male,Married,Salaried,1990146.0,96032,48,321.0,1,4,0.9,Business,Mortgaged,Low
CUST1839,57,Female,Married,Salaried,269518.0,554910,24,404.0,0,0,0.24,Car,Mortgaged,High
CUST1840,48,Female,Single,Salaried,376355.0,1056225,24,765.0,2,8,0.5,Home,Mortgaged,Medium
CUST1841,30,Male,Married,,2116334.0,1394406,24,758.0,3,5,0.78,Personal,Owned,High
CUST1842,59,Female,Divorced,Unemployed,320243.0,913413,72,731.0,2,8,0.12,Education,Owned,High
CUST1843,37,Male,Single,Salaried,,673090,48,520.0,4,2,0.58,Home,Owned,Low
CUST1844,59,Male,Married,Self-Employed,2047756.0,970313,24,678.0,3,4,0.32,Business,Rented,Low
CUST1845,42,Male,Single,Salaried,2319844.0,1332913,12,,3,1,0.79,Personal,Owned,Low
CUST1846,46,Male,Married,Self-Employed,1897818.0,1271433,48,557.0,5,9,0.33,Business,Owned,Medium
CUST1847,64,Female,Married,Unemployed,2377304.0,479763,72,666.0,2,4,0.65,Business,Rented,Low
CUST1848,45,Male,Married,Salaried,2301121.0,354962,12,648.0,4,7,,Personal,Owned,Medium
CUST1849,37,Female,Married,,1284309.0,1432647,36,524.0,0,10,0.28,Personal,Mortgaged,Low
CUST1850,33,Female,Single,Salaried,241743.0,391609,48,535.0,5,1,0.13,Business,Owned,Low
CUST1851,40,Female,Divorced,Salaried,1903057.0,800887,36,482.0,2,7,0.43,Education,Owned,Low
CUST1852,45,Female,Married,Self-Employed,370948.0,687509,24,743.0,0,3,0.33,Personal,Owned,Low
CUST1853,24,Male,Single,Unemployed,1093877.0,349477,72,305.0,2,9,0.75,Home,Mortgaged,Medium
CUST1854,30,Male,Married,Salaried,2317475.0,1225033,24,535.0,5,9,0.74,Car,Mortgaged,Low
CUST1855,23,Female,Married,Salaried,1527148.0,1377296,72,426.0,0,0,0.47,Education,Mortgaged,Low
CUST1856,61,Female,Single,Salaried,701793.0,1218451,60,403.0,5,4,0.59,Personal,Mortgaged,Low
CUST1857,38,Male,Married,Self-Employed,526284.0,930432,24,779.0,2,0,0.58,Personal,Rented,Medium
CUST1858,56,Female,Divorced,Salaried,2030314.0,516995,36,454.0,3,6,0.76,Education,Mortgaged,Medium
CUST1859,42,Male,Single,Salaried,2118837.0,605889,72,556.0,1,7,0.44,Car,Mortgaged,Low
CUST1860,54,Female,Divorced,Self-Employed,468508.0,904378,24,534.0,3,2,0.32,Business,Mortgaged,Medium
CUST1861,28,Male,Single,Self-Employed,591011.0,1412836,48,799.0,5,2,0.31,Home,Mortgaged,Low
CUST1862,60,Female,Single,Salaried,1677141.0,678474,72,588.0,5,6,0.53,Personal,Rented,Low
CUST1863,64,Female,Single,Self-Employed,1904627.0,899326,72,809.0,5,3,0.46,Car,Owned,Medium
CUST1864,39,Male,Married,Salaried,982259.0,739995,24,851.0,0,2,0.45,Home,Owned,Low
CUST1865,62,Female,Married,Salaried,,1327623,60,868.0,4,7,0.17,Education,Mortgaged,Medium
CUST1866,61,Female,Single,Self-Employed,1970403.0,142850,24,597.0,5,2,0.67,Personal,Mortgaged,Low
CUST1867,57,Male,Married,Self-Employed,376968.0,946197,36,436.0,3,6,0.27,Business,Mortgaged,High
CUST1868,26,Female,Married,Salaried,2354214.0,1453411,36,675.0,1,1,0.26,Education,Owned,Low
CUST1869,46,Male,Single,Salaried,935122.0,1292522,72,386.0,5,10,0.43,Personal,Owned,Medium
CUST1870,54,Male,Married,Salaried,1476485.0,520949,72,718.0,5,10,0.28,Car,Mortgaged,High
CUST1871,26,Female,Married,Salaried,706995.0,865943,24,498.0,5,0,0.57,Home,Owned,Low
CUST1872,57,Female,Married,Salaried,2385454.0,917392,36,762.0,0,5,0.4,Home,Rented,Low
CUST1873,53,Female,Divorced,Salaried,2267790.0,1016325,36,736.0,5,7,0.46,Personal,Mortgaged,Low
CUST1874,42,Female,Married,Salaried,2272723.0,1347776,60,609.0,3,0,,Education,Mortgaged,Medium
CUST1875,41,Female,Divorced,,1233224.0,775527,48,895.0,2,9,0.26,Business,Rented,Low
CUST1876,26,Female,Married,Self-Employed,765635.0,1405182,60,580.0,4,8,0.22,Car,Rented,Low
CUST1877,26,Female,Married,Self-Employed,727409.0,533410,12,622.0,5,2,0.8,Personal,Owned,Medium
CUST1878,24,Male,Single,,2380945.0,1303179,60,451.0,0,2,0.45,Car,Rented,Low
CUST1879,50,Female,Married,Unemployed,1801028.0,784172,24,601.0,3,3,0.43,Home,Mortgaged,Medium
CUST1880,31,Male,Married,Self-Employed,487635.0,159779,48,577.0,5,10,,Business,Owned,Low
CUST1881,50,Female,Single,Self-Employed,783510.0,1117133,24,,0,0,0.5,Car,Rented,Low
CUST1882,51,Female,Single,Self-Employed,728036.0,1257708,12,534.0,2,8,0.54,,Owned,Medium
CUST1883,44,Male,Married,Unemployed,1799417.0,502082,48,860.0,1,10,0.55,Business,Owned,Medium
CUST1884,29,Female,Married,Salaried,784668.0,384248,72,601.0,5,2,0.67,Education,Owned,Low
CUST1885,23,Female,Married,Salaried,2341483.0,711440,36,337.0,3,9,0.24,Personal,Owned,Low
CUST1886,51,Male,Married,Self-Employed,951393.0,1243502,60,435.0,0,3,0.3,Car,Rented,Low
CUST1887,60,Female,Single,Self-Employed,1893481.0,773055,24,,0,0,0.75,Business,Mortgaged,Low
CUST1888,57,Female,Married,Self-Employed,1025992.0,1282630,12,518.0,5,3,0.86,Personal,Mortgaged,Low
CUST1889,56,Female,Single,Salaried,800198.0,615369,36,647.0,0,0,0.21,Business,Rented,Low
CUST1890,44,Male,Married,Salaried,597891.0,971872,60,845.0,1,4,0.5,Business,Mortgaged,Medium
CUST1891,51,Female,Married,Salaried,700201.0,804981,36,378.0,0,4,0.27,Business,Owned,Medium
CUST1892,26,Female,Married,Unemployed,,431325,60,572.0,4,10,0.15,Car,Owned,Low
CUST1893,22,Female,Married,Salaried,1244863.0,863526,72,460.0,4,6,0.36,Personal,Owned,Low
CUST1894,40,Female,Single,Salaried,1258644.0,1013544,48,607.0,0,7,0.21,Home,Rented,Low
CUST1895,48,Male,Married,Salaried,1087198.0,378910,36,673.0,5,3,0.67,Home,Owned,Low
CUST1896,31,Male,Married,Salaried,1819282.0,1253639,36,308.0,4,6,0.53,Car,Owned,High
CUST1897,24,Female,Married,Self-Employed,2035295.0,733970,36,743.0,3,3,0.22,Car,Rented,Medium
CUST1898,35,Female,Single,Self-Employed,1270913.0,655751,48,412.0,4,2,0.11,Business,Owned,Medium
CUST1899,26,Male,Married,Self-Employed,447667.0,1385186,12,504.0,0,5,,Personal,Owned,Medium
CUST1900,50,Male,Married,Salaried,856521.0,523656,60,704.0,5,3,0.24,Personal,Mortgaged,Low
CUST1901,58,Female,Single,Self-Employed,1087099.0,1008379,72,496.0,2,2,0.58,Education,Rented,Low
CUST1902,22,Male,Single,Salaried,1600791.0,1124657,36,414.0,5,8,0.37,Education,Owned,Medium
CUST1903,35,Female,Married,Self-Employed,1617231.0,1122930,48,,5,4,0.57,Home,Owned,Low
CUST1904,31,Male,Married,Salaried,1731181.0,667585,12,364.0,5,6,0.35,Education,Owned,Medium
CUST1905,28,Male,Single,Salaried,607974.0,854732,60,575.0,3,5,0.17,Education,Owned,Medium
CUST1906,46,Male,Single,Self-Employed,333248.0,1162960,48,538.0,1,9,0.28,Home,Mortgaged,Medium
CUST1907,64,Male,Single,,1351882.0,897324,72,601.0,0,4,0.25,Home,Mortgaged,Low
CUST1908,25,Female,Single,Salaried,2461878.0,85525,72,691.0,1,6,0.44,Education,Mortgaged,Low
CUST1909,26,Male,Married,Self-Employed,1144131.0,994036,60,821.0,2,10,0.63,,Mortgaged,Medium
CUST1910,46,Male,Married,Salaried,900270.0,56464,36,668.0,1,5,0.31,Education,Rented,Medium
CUST1911,24,Female,Married,Salaried,290417.0,425572,72,532.0,0,9,0.11,Business,Owned,Medium
CUST1912,39,Male,Married,Salaried,628638.0,1211140,12,,0,1,0.52,Business,Mortgaged,High
CUST1913,40,Male,Single,Salaried,1260560.0,1468767,48,311.0,2,2,0.58,Business,Owned,Low
CUST1914,53,Female,Married,Salaried,1337888.0,606922,12,476.0,0,1,0.87,,Rented,Low
CUST1915,40,Male,Married,Salaried,392458.0,244215,36,,2,2,0.57,Business,Owned,Low
CUST1916,32,Female,Divorced,Salaried,724608.0,315039,12,310.0,2,0,0.48,Personal,Owned,Low
CUST1917,21,Female,Married,Unemployed,,1441579,12,745.0,0,7,0.56,Car,Mortgaged,High
CUST1918,46,Female,Single,Salaried,2123782.0,1017241,24,463.0,4,5,0.84,Car,Mortgaged,High
CUST1919,34,Female,Married,Self-Employed,615105.0,154127,12,850.0,2,1,0.76,Business,Rented,Low
CUST1920,58,Male,Single,Salaried,1608791.0,146426,60,352.0,0,7,0.36,,Owned,Low
CUST1921,57,Female,Married,Self-Employed,1503659.0,999520,48,,4,5,0.29,Home,Mortgaged,Low
CUST1922,31,Male,Single,,2176850.0,1290952,24,659.0,2,6,0.31,Education,Mortgaged,Medium
CUST1923,56,Male,Single,Salaried,2338929.0,1110538,48,684.0,4,10,0.5,Education,Mortgaged,Low
CUST1924,33,Male,Married,Salaried,246250.0,83302,48,355.0,3,0,0.7,Car,Rented,Low
CUST1925,63,Male,Single,Salaried,1091372.0,1446102,36,417.0,5,6,0.5,Car,Owned,Low
CUST1926,23,Male,Married,Salaried,1550850.0,54011,36,,3,2,0.15,Car,Mortgaged,Low
CUST1927,53,Male,Single,Self-Employed,675147.0,69782,24,,4,10,0.68,Personal,Owned,High
CUST1928,26,Male,Married,Self-Employed,1953282.0,1297339,72,714.0,2,7,0.74,Personal,Rented,Low
CUST1929,30,Male,Married,Self-Employed,2312368.0,482941,36,534.0,0,5,,Home,Owned,Low
CUST1930,25,Male,Married,Self-Employed,1076336.0,1142035,36,379.0,1,3,0.63,Car,Mortgaged,Low
CUST1931,43,Male,Single,Salaried,2442433.0,661533,36,321.0,0,10,0.44,Business,Owned,Low
CUST1932,30,Female,Single,Salaried,903803.0,572829,48,776.0,1,7,0.81,Car,Owned,Medium
CUST1933,64,Female,Single,Salaried,1787893.0,653151,24,739.0,1,8,0.78,Personal,Rented,Low
CUST1934,22,Female,Single,Salaried,1709405.0,959638,48,869.0,2,9,0.52,Car,Rented,Low
CUST1935,33,Male,Married,Salaried,934803.0,1461730,60,392.0,4,1,0.65,Personal,Owned,Medium
CUST1936,60,Female,Divorced,Salaried,2485221.0,1131345,48,491.0,0,5,0.81,Car,Owned,Low
CUST1937,22,Female,Married,Salaried,314456.0,419673,60,402.0,4,4,0.5,Business,Owned,Medium
CUST1938,40,Female,Married,Salaried,1056841.0,1123276,12,695.0,3,4,0.35,Home,Rented,Low
CUST1939,21,Male,Married,,,1043931,12,306.0,2,9,0.7,Business,Rented,Low
CUST1940,57,Male,Married,Self-Employed,,281237,60,866.0,2,10,0.28,Personal,Owned,Medium
CUST1941,29,Male,Single,Salaried,234152.0,958063,60,530.0,3,2,0.41,Education,Rented,Medium
CUST1942,37,Male,Divorced,Unemployed,644718.0,356024,48,873.0,0,7,0.79,Business,Mortgaged,Medium
CUST1943,29,Female,Married,Unemployed,1801956.0,164003,60,539.0,5,7,0.68,Car,Rented,Low
CUST1944,31,Female,Married,Salaried,348725.0,1237968,24,389.0,3,4,0.42,Home,Rented,Low
CUST1945,35,Female,Single,Salaried,691215.0,99589,12,531.0,0,7,0.27,Car,Rented,Low
CUST1946,44,Female,Married,Salaried,2003500.0,300606,12,756.0,1,9,0.38,Car,Mortgaged,Low
CUST1947,58,Male,Married,Unemployed,2468693.0,781636,72,532.0,2,7,0.33,Business,Mortgaged,Medium
CUST1948,55,Male,Married,Self-Employed,1108017.0,610185,60,653.0,0,2,0.24,Home,Mortgaged,Low
CUST1949,50,Male,Married,Salaried,521898.0,239637,36,,4,1,0.69,Education,Owned,Low
CUST1950,51,Female,Single,Salaried,885338.0,736290,36,738.0,4,8,0.3,,Owned,Medium
CUST1951,25,Male,Divorced,Salaried,2340321.0,1312469,60,674.0,2,1,0.46,Home,Mortgaged,Low
CUST1952,64,Male,Single,,254745.0,1169510,24,,3,8,0.41,,Owned,Medium
CUST1953,34,Female,Married,Salaried,1883032.0,630118,36,644.0,5,3,0.89,Car,Owned,Low
CUST1954,31,Female,Single,Self-Employed,838273.0,317673,72,727.0,3,1,0.41,Home,Owned,Low
CUST1955,29,Male,Married,Self-Employed,1238347.0,406742,60,429.0,0,9,0.16,Business,Mortgaged,High
CUST1956,54,Male,Divorced,Self-Employed,1960328.0,807582,24,440.0,3,0,0.17,Car,Rented,Low
CUST1957,32,Male,Single,Self-Employed,2318219.0,132987,24,714.0,2,3,0.57,Car,Mortgaged,Low
CUST1958,55,Male,Married,Self-Employed,2348185.0,1236585,48,392.0,0,8,0.58,Home,Mortgaged,Medium
CUST1959,55,Male,Single,Salaried,245256.0,1482672,24,583.0,1,8,0.44,Car,Owned,High
CUST1960,21,Male,Divorced,Self-Employed,702264.0,614174,36,522.0,3,3,0.45,Education,Owned,High
CUST1961,60,Female,Married,,1139695.0,599567,36,762.0,3,8,0.14,,Rented,Medium
CUST1962,42,Female,Married,Self-Employed,2383955.0,481322,60,844.0,5,5,0.51,Personal,Rented,Low
CUST1963,49,Female,Single,Salaried,1452390.0,160776,60,575.0,0,0,0.5,Education,Rented,High
CUST1964,28,Male,Divorced,Self-Employed,2415995.0,418444,24,439.0,4,9,0.22,Home,Rented,Medium
CUST1965,31,Female,Married,Salaried,679809.0,1212369,72,656.0,3,5,0.18,Education,Mortgaged,Low
CUST1966,61,Male,Single,Salaried,1461179.0,1476998,12,322.0,2,8,0.2,Personal,Rented,Medium
CUST1967,57,Male,Married,Salaried,1967413.0,260809,48,569.0,3,1,0.18,Personal,Mortgaged,Low
CUST1968,34,Female,Single,Salaried,344282.0,1270192,12,632.0,5,5,0.59,,Owned,Low
CUST1969,50,Male,Married,Self-Employed,2171277.0,1463967,24,384.0,1,1,0.26,Car,Rented,Medium
CUST1970,55,Male,Single,Self-Employed,2017793.0,1340838,24,330.0,5,3,0.3,Business,Owned,Low
CUST1971,41,Female,Married,Salaried,1552206.0,583285,12,539.0,3,7,0.24,,Owned,Low
CUST1972,57,Female,Married,Salaried,1144740.0,1204678,48,662.0,4,6,0.87,Business,Mortgaged,Low
CUST1973,25,Female,Single,Salaried,2102716.0,922143,12,688.0,3,10,0.78,Personal,Rented,Medium
CUST1974,39,Male,Single,Salaried,1360038.0,1476765,60,598.0,0,8,0.28,Car,Mortgaged,Low
CUST1975,34,Female,Single,Salaried,1396311.0,615148,36,670.0,3,6,0.36,Car,Owned,Low
CUST1976,46,Female,Married,Self-Employed,2128084.0,1363945,72,398.0,4,0,0.27,Car,Rented,Medium
CUST1977,24,Male,Single,Salaried,,1026974,60,346.0,0,1,0.49,Home,Owned,High
CUST1978,45,Female,Married,Salaried,342157.0,687506,36,721.0,2,5,0.12,Personal,Owned,Low
CUST1979,62,Female,Single,Salaried,1600465.0,572070,72,779.0,0,6,0.64,,Rented,Medium
CUST1980,45,Female,Single,Salaried,2487319.0,157041,72,878.0,5,2,0.52,Personal,Rented,Medium
CUST1981,38,Male,Married,,793805.0,424368,72,361.0,1,8,0.82,Car,Rented,Medium
CUST1982,60,Male,Single,Self-Employed,1925089.0,375800,24,408.0,5,6,0.23,Education,Mortgaged,Low
CUST1983,28,Male,Divorced,Salaried,1384895.0,766438,72,848.0,0,5,0.74,Personal,Mortgaged,High
CUST1984,59,Male,Married,Salaried,1662603.0,531862,48,418.0,2,5,0.73,Business,Owned,Low
CUST1985,60,Female,Married,Salaried,1475029.0,1174866,12,897.0,3,0,0.2,Home,Rented,Low
CUST1986,34,Male,Married,Salaried,336645.0,1155209,48,681.0,0,4,0.42,Business,Owned,Low
CUST1987,52,Male,Married,Salaried,1242092.0,1219694,12,691.0,5,9,0.24,Personal,Owned,Medium
CUST1988,58,Female,Single,Unemployed,1852131.0,748961,60,351.0,0,2,0.3,Car,Owned,Low
CUST1989,53,Female,Single,Self-Employed,1386837.0,1101690,60,588.0,0,6,0.31,Personal,Owned,Low
CUST1990,43,Female,Single,Salaried,542221.0,862934,12,636.0,0,9,0.54,Home,Owned,Medium
CUST1991,35,Male,Married,Salaried,1379580.0,99768,48,503.0,2,2,0.43,Personal,Rented,High
CUST1992,53,Male,Single,Salaried,253687.0,1408848,12,537.0,4,4,0.86,Car,Mortgaged,Medium
CUST1993,45,Male,Married,Salaried,1054744.0,1023069,72,681.0,4,6,0.2,Business,Rented,Low
CUST1994,37,Female,Divorced,Self-Employed,1356191.0,133123,24,435.0,0,2,,Education,Rented,Low
CUST1995,53,Female,Married,Self-Employed,1179091.0,216405,60,706.0,2,9,0.28,Business,Rented,Medium
CUST1996,22,Male,Married,Salaried,804453.0,53174,24,807.0,2,1,0.72,Car,Mortgaged,Low
CUST1997,34,Female,Single,Salaried,782111.0,167769,72,661.0,0,5,0.37,Car,Mortgaged,Medium
CUST1998,60,Female,Married,Salaried,2239660.0,347542,72,,5,7,0.21,Home,Mortgaged,Low
CUST1999,60,Female,Married,Self-Employed,2219450.0,479145,60,875.0,5,3,0.79,Personal,Rented,High
